edition_id,sport,:TYPE
19e,Athletics,Contient
20e,Athletics,Contient
53e,Beach Volleyball,Contient
53e,Athletics,Contient
10e,Artistic Gymnastics,Contient
8e,Swimming,Contient
61e,Beach Volleyball,Contient
59e,Diving,Contient
61e,Diving,Contient
49e,Skeleton,Contient
49e,Figure Skating,Contient
57e,Figure Skating,Contient
11e,Water Polo,Contient
6e,Fencing,Contient
15e,Weightlifting,Contient
41e,Cross Country Skiing,Contient
25e,Swimming,Contient
61e,Cycling Mountain Bike,Contient
49e,Short Track Speed Skating,Contient
23e,Rowing,Contient
15e,Fencing,Contient
36e,Ice Hockey,Contient
5e,Tennis,Contient
6e,Tennis,Contient
11e,Swimming,Contient
22e,Shooting,Contient
23e,Shooting,Contient
16e,Rowing,Contient
24e,Tennis,Contient
39e,Cross Country Skiing,Contient
40e,Cross Country Skiing,Contient
54e,Football,Contient
24e,Football,Contient
16e,Football,Contient
15e,Football,Contient
9e,Athletics,Contient
18e,Volleyball,Contient
46e,Figure Skating,Contient
47e,Figure Skating,Contient
61e,Fencing,Contient
12e,Sailing,Contient
15e,Sailing,Contient
22e,Taekwondo,Contient
59e,Athletics,Contient
13e,Football,Contient
40e,Alpine Skiing,Contient
19e,Sailing,Contient
53e,Rowing,Contient
54e,Rowing,Contient
32e,Ice Hockey,Contient
1e,Shooting,Contient
5e,Shooting,Contient
6e,Shooting,Contient
7e,Shooting,Contient
8e,Shooting,Contient
22e,Boxing,Contient
23e,Boxing,Contient
24e,Boxing,Contient
18e,Athletics,Contient
54e,Athletics,Contient
60e,Figure Skating,Contient
19e,Wrestling,Contient
20e,Wrestling,Contient
23e,Table Tennis,Contient
24e,Table Tennis,Contient
25e,Table Tennis,Contient
22e,Table Tennis,Contient
26e,Table Tennis,Contient
11e,Cycling Track,Contient
58e,Bobsleigh,Contient
60e,Bobsleigh,Contient
62e,Bobsleigh,Contient
22e,Rowing,Contient
10e,Art Competitions,Contient
5e,Cycling Track,Contient
20e,Football,Contient
61e,Sailing,Contient
26e,Cycling Mountain Bike,Contient
13e,Basketball,Contient
15e,Basketball,Contient
19e,Volleyball,Contient
20e,Volleyball,Contient
33e,Military Ski Patrol,Contient
54e,Boxing,Contient
59e,Boxing,Contient
61e,Boxing,Contient
7e,Swimming,Contient
17e,Sailing,Contient
19e,Boxing,Contient
40e,Luge,Contient
54e,Shooting,Contient
46e,Cross Country Skiing,Contient
16e,Sailing,Contient
61e,Hockey,Contient
17e,Equestrian Jumping,Contient
18e,Equestrian Jumping,Contient
19e,Equestrian Eventing,Contient
19e,Equestrian Jumping,Contient
16e,Judo,Contient
9e,Football,Contient
15e,Swimming,Contient
24e,Swimming,Contient
37e,Cross Country Skiing,Contient
17e,Wrestling,Contient
18e,Wrestling,Contient
24e,Sailing,Contient
53e,Modern Pentathlon,Contient
54e,Modern Pentathlon,Contient
59e,Modern Pentathlon,Contient
23e,Athletics,Contient
24e,Athletics,Contient
53e,Weightlifting,Contient
61e,Cycling Track,Contient
61e,Handball,Contient
25e,Equestrian Jumping,Contient
59e,Swimming,Contient
23e,Handball,Contient
12e,Shooting,Contient
2e,Fencing,Contient
18e,Football,Contient
21e,Water Polo,Contient
2e,Rowing,Contient
61e,Archery,Contient
17e,Swimming,Contient
61e,Artistic Gymnastics,Contient
43e,Alpine Skiing,Contient
44e,Alpine Skiing,Contient
45e,Alpine Skiing,Contient
26e,Canoe Sprint,Contient
53e,Canoe Sprint,Contient
53e,Boxing,Contient
59e,Rowing,Contient
21e,Swimming,Contient
47e,Ice Hockey,Contient
49e,Ice Hockey,Contient
57e,Ice Hockey,Contient
13e,Rowing,Contient
14e,Rowing,Contient
15e,Shooting,Contient
16e,Shooting,Contient
17e,Shooting,Contient
23e,Volleyball,Contient
23e,Hockey,Contient
24e,Hockey,Contient
25e,Hockey,Contient
53e,Water Polo,Contient
21e,Athletics,Contient
22e,Athletics,Contient
2e,Artistic Gymnastics,Contient
23e,Football,Contient
60e,Biathlon,Contient
62e,Biathlon,Contient
58e,Luge,Contient
21e,Shooting,Contient
43e,Ice Hockey,Contient
25e,Rowing,Contient
54e,Triathlon,Contient
18e,Hockey,Contient
19e,Rowing,Contient
54e,Judo,Contient
35e,Bobsleigh,Contient
13e,Artistic Gymnastics,Contient
57e,Biathlon,Contient
15e,Canoe Sprint,Contient
5e,Tug-Of-War,Contient
17e,Athletics,Contient
26e,Athletics,Contient
22e,Swimming,Contient
26e,Shooting,Contient
12e,Water Polo,Contient
16e,Wrestling,Contient
23e,Weightlifting,Contient
60e,Ice Hockey,Contient
24e,Artistic Swimming,Contient
25e,Artistic Swimming,Contient
6e,Artistic Gymnastics,Contient
38e,Ice Hockey,Contient
62e,Freestyle Skiing,Contient
13e,Shooting,Contient
14e,Shooting,Contient
8e,Rowing,Contient
54e,Equestrian Eventing,Contient
59e,Equestrian Eventing,Contient
58e,Alpine Skiing,Contient
11e,Athletics,Contient
26e,Triathlon,Contient
25e,Athletics,Contient
26e,Weightlifting,Contient
25e,Archery,Contient
32e,Figure Skating,Contient
8e,Athletics,Contient
20e,Equestrian Jumping,Contient
21e,Equestrian Jumping,Contient
24e,Volleyball,Contient
25e,Volleyball,Contient
53e,Sailing,Contient
54e,Sailing,Contient
59e,Sailing,Contient
61e,Football,Contient
8e,Wrestling,Contient
8e,Fencing,Contient
61e,Trampolining,Contient
3e,American Football,Contient
19e,Cycling Track,Contient
20e,Cycling Track,Contient
23e,Judo,Contient
44e,Ice Hockey,Contient
22e,Weightlifting,Contient
21e,Wrestling,Contient
22e,Wrestling,Contient
3e,Tug-Of-War,Contient
24e,Rowing,Contient
23e,Artistic Swimming,Contient
26e,Handball,Contient
53e,Handball,Contient
61e,Athletics,Contient
19e,Judo,Contient
20e,Judo,Contient
21e,Baseball,Contient
43e,Freestyle Skiing,Contient
33e,Alpine Skiing,Contient
34e,Alpine Skiing,Contient
3e,Artistic Gymnastics,Contient
53e,Cycling Mountain Bike,Contient
14e,Diving,Contient
53e,Hockey,Contient
54e,Hockey,Contient
59e,Hockey,Contient
3e,Weightlifting,Contient
61e,Rowing,Contient
15e,Athletics,Contient
16e,Athletics,Contient
36e,Figure Skating,Contient
5e,Athletics,Contient
6e,Athletics,Contient
59e,Marathon Swimming,Contient
61e,Swimming,Contient
53e,Fencing,Contient
45e,Ice Hockey,Contient
6e,Water Polo,Contient
8e,Water Polo,Contient
59e,Handball,Contient
26e,Judo,Contient
53e,Judo,Contient
2e,Shooting,Contient
25e,Boxing,Contient
61e,Karate,Contient
20e,Boxing,Contient
61e,Rugby Sevens,Contient
25e,Judo,Contient
7e,Fencing,Contient
57e,Short Track Speed Skating,Contient
36e,Alpine Skiing,Contient
6e,Swimming,Contient
23e,Baseball,Contient
24e,Artistic Gymnastics,Contient
26e,Volleyball,Contient
20e,Cycling Road,Contient
24e,Equestrian Jumping,Contient
12e,Swimming,Contient
13e,Swimming,Contient
14e,Swimming,Contient
15e,Water Polo,Contient
2e,Golf,Contient
13e,Wrestling,Contient
7e,Athletics,Contient
26e,Rowing,Contient
11e,Art Competitions,Contient
13e,Athletics,Contient
12e,Football,Contient
62e,Ice Hockey,Contient
25e,Weightlifting,Contient
24e,Water Polo,Contient
58e,Ice Hockey,Contient
19e,Football,Contient
62e,Figure Skating,Contient
53e,Volleyball,Contient
21e,Football,Contient
21e,Weightlifting,Contient
25e,Basketball,Contient
15e,Rowing,Contient
16e,Basketball,Contient
22e,Basketball,Contient
24e,Basketball,Contient
21e,Sailing,Contient
53e,Basketball,Contient
54e,Basketball,Contient
39e,Ice Hockey,Contient
11e,Rowing,Contient
60e,Freestyle Skiing,Contient
62e,Short Track Speed Skating,Contient
18e,Shooting,Contient
19e,Shooting,Contient
54e,Weightlifting,Contient
59e,Weightlifting,Contient
61e,Weightlifting,Contient
20e,Canoe Sprint,Contient
32e,Cross Country Skiing,Contient
46e,Speed Skating,Contient
14e,Football,Contient
18e,Sailing,Contient
59e,Table Tennis,Contient
61e,Table Tennis,Contient
38e,Speed Skating,Contient
21e,Canoe Sprint,Contient
54e,Fencing,Contient
11e,Shooting,Contient
21e,Cycling Road,Contient
25e,Handball,Contient
17e,Football,Contient
23e,Sailing,Contient
16e,Hockey,Contient
58e,Short Track Speed Skating,Contient
22e,Handball,Contient
20e,Archery,Contient
6e,Art Competitions,Contient
46e,Ice Hockey,Contient
24e,Judo,Contient
60e,Alpine Skiing,Contient
62e,Alpine Skiing,Contient
23e,Swimming,Contient
20e,Handball,Contient
10e,Athletics,Contient
44e,Cross Country Skiing,Contient
47e,Luge,Contient
49e,Luge,Contient
57e,Luge,Contient
5e,Rowing,Contient
59e,Basketball,Contient
59e,Football,Contient
49e,Bobsleigh,Contient
24e,Cycling Road,Contient
22e,Canoe Sprint,Contient
8e,Cycling Track,Contient
48e,Equestrian Dressage,Contient
54e,Swimming,Contient
58e,Curling,Contient
26e,Swimming,Contient
11e,Boxing,Contient
26e,Artistic Swimming,Contient
17e,Artistic Gymnastics,Contient
18e,Artistic Gymnastics,Contient
53e,Diving,Contient
5e,Artistic Gymnastics,Contient
12e,Art Competitions,Contient
58e,Cross Country Skiing,Contient
18e,Handball,Contient
12e,Modern Pentathlon,Contient
41e,Alpine Skiing,Contient
49e,Cross Country Skiing,Contient
57e,Cross Country Skiing,Contient
10e,Boxing,Contient
21e,Rowing,Contient
16e,Fencing,Contient
42e,Ski Jumping,Contient
43e,Ski Jumping,Contient
18e,Boxing,Contient
61e,Tennis,Contient
24e,Fencing,Contient
19e,Cycling Road,Contient
11e,Cycling Road,Contient
23e,Canoe Slalom,Contient
24e,Canoe Slalom,Contient
25e,Canoe Slalom,Contient
26e,Canoe Slalom,Contient
53e,Canoe Slalom,Contient
59e,Volleyball,Contient
24e,Cycling Mountain Bike,Contient
25e,Cycling Mountain Bike,Contient
53e,Swimming,Contient
25e,Artistic Gymnastics,Contient
47e,Freestyle Skiing,Contient
23e,Cycling Road,Contient
24e,Equestrian Dressage,Contient
59e,Equestrian Dressage,Contient
9e,Water Polo,Contient
8e,Equestrian Dressage,Contient
20e,Swimming,Contient
26e,Rhythmic Gymnastics,Contient
29e,Ski Jumping,Contient
30e,Ski Jumping,Contient
11e,Sailing,Contient
23e,Taekwondo,Contient
13e,Cycling Road,Contient
41e,Ice Hockey,Contient
23e,Basketball,Contient
62e,Luge,Contient
35e,Alpine Skiing,Contient
54e,Diving,Contient
23e,Rhythmic Gymnastics,Contient
7e,Rowing,Contient
61e,Canoe Sprint,Contient
53e,Softball,Contient
14e,Athletics,Contient
12e,Cycling Road,Contient
43e,Curling,Contient
61e,Judo,Contient
30e,Nordic Combined,Contient
26e,Tennis,Contient
53e,Tennis,Contient
21e,Artistic Swimming,Contient
25e,Softball,Contient
26e,Softball,Contient
11e,Football,Contient
20e,Basketball,Contient
26e,Equestrian Eventing,Contient
5e,Figure Skating,Contient
7e,Figure Skating,Contient
61e,Rhythmic Gymnastics,Contient
59e,Rhythmic Gymnastics,Contient
12e,Hockey,Contient
25e,Cycling Road,Contient
22e,Baseball,Contient
22e,Cycling Road,Contient
61e,Water Polo,Contient
54e,Volleyball,Contient
61e,Volleyball,Contient
47e,Cross Country Skiing,Contient
14e,Weightlifting,Contient
6e,Football,Contient
41e,Figure Skating,Contient
42e,Figure Skating,Contient
17e,Boxing,Contient
22e,Fencing,Contient
20e,Rowing,Contient
11e,Hockey,Contient
9e,Sailing,Contient
18e,Rowing,Contient
38e,Figure Skating,Contient
39e,Nordic Combined,Contient
40e,Biathlon,Contient
3e,Swimming,Contient
5e,Swimming,Contient
9e,Fencing,Contient
57e,Alpine Skiing,Contient
26e,Basketball,Contient
14e,Australian Rules Football,Contient
61e,Badminton,Contient
39e,Speed Skating,Contient
21e,Volleyball,Contient
44e,Speed Skating,Contient
13e,Fencing,Contient
22e,Tennis,Contient
23e,Tennis,Contient
25e,Baseball,Contient
26e,Baseball,Contient
45e,Cross Country Skiing,Contient
26e,Football,Contient
7e,Water Polo,Contient
35e,Nordic Combined,Contient
36e,Cross Country Skiing,Contient
36e,Nordic Combined,Contient
57e,Bobsleigh,Contient
20e,Shooting,Contient
24e,Shooting,Contient
25e,Shooting,Contient
59e,Shooting,Contient
18e,Swimming,Contient
22e,Equestrian Eventing,Contient
13e,Sailing,Contient
14e,Sailing,Contient
21e,Modern Pentathlon,Contient
22e,Modern Pentathlon,Contient
62e,Cross Country Skiing,Contient
9e,Cycling Track,Contient
25e,Tennis,Contient
26e,Fencing,Contient
22e,Hockey,Contient
32e,Alpine Skiing,Contient
32e,Nordic Combined,Contient
19e,Artistic Gymnastics,Contient
23e,Badminton,Contient
24e,Badminton,Contient
25e,Badminton,Contient
61e,Basketball,Contient
12e,Athletics,Contient
15e,Equestrian Eventing,Contient
10e,Equestrian Eventing,Contient
25e,Diving,Contient
19e,Swimming,Contient
33e,Winter Pentathlon,Contient
53e,Wushu,Contient
44e,Curling,Contient
37e,Alpine Skiing,Contient
38e,Alpine Skiing,Contient
25e,Water Polo,Contient
54e,Water Polo,Contient
59e,Water Polo,Contient
23e,Wrestling,Contient
24e,Wrestling,Contient
25e,Wrestling,Contient
61e,3x3 Basketball,Contient
17e,Canoe Sprint,Contient
59e,Fencing,Contient
41e,Luge,Contient
59e,Canoe Slalom,Contient
12e,Fencing,Contient
22e,Judo,Contient
24e,Rhythmic Gymnastics,Contient
53e,Shooting,Contient
61e,Shooting,Contient
25e,Football,Contient
53e,Football,Contient
25e,Trampolining,Contient
26e,Trampolining,Contient
3e,Athletics,Contient
53e,Baseball,Contient
46e,Alpine Skiing,Contient
47e,Alpine Skiing,Contient
49e,Alpine Skiing,Contient
17e,Cycling Track,Contient
23e,Water Polo,Contient
5e,Sailing,Contient
49e,Biathlon,Contient
17e,Weightlifting,Contient
18e,Weightlifting,Contient
47e,Speed Skating,Contient
54e,Tennis,Contient
17e,Basque pelota,Contient
39e,Figure Skating,Contient
40e,Figure Skating,Contient
46e,Short Track Speed Skating,Contient
47e,Short Track Speed Skating,Contient
23e,Artistic Gymnastics,Contient
26e,Equestrian Dressage,Contient
34e,Cross Country Skiing,Contient
35e,Cross Country Skiing,Contient
6e,Wrestling,Contient
7e,Wrestling,Contient
8e,Boxing,Contient
23e,Cycling Track,Contient
26e,Cycling Road,Contient
53e,Cycling Road,Contient
24e,Weightlifting,Contient
16e,Boxing,Contient
18e,Archery,Contient
38e,Cross Country Skiing,Contient
7e,Hockey,Contient
49e,Nordic Combined,Contient
57e,Nordic Combined,Contient
58e,Nordic Combined,Contient
60e,Nordic Combined,Contient
21e,Boxing,Contient
8e,Basque pelota,Contient
14e,Boxing,Contient
21e,Handball,Contient
23e,Equestrian Eventing,Contient
24e,Baseball,Contient
61e,Cycling Road,Contient
23e,Modern Pentathlon,Contient
24e,Modern Pentathlon,Contient
41e,Speed Skating,Contient
49e,Snowboarding,Contient
57e,Snowboarding,Contient
9e,Rowing,Contient
17e,Hockey,Contient
21e,Artistic Gymnastics,Contient
43e,Speed Skating,Contient
61e,Skateboarding,Contient
29e,Speed Skating,Contient
45e,Bobsleigh,Contient
12e,Artistic Gymnastics,Contient
12e,Wrestling,Contient
21e,Judo,Contient
42e,Alpine Skiing,Contient
2e,Rugby,Contient
33e,Bobsleigh,Contient
33e,Skeleton,Contient
24e,Canoe Sprint,Contient
61e,Softball,Contient
57e,Freestyle Skiing,Contient
58e,Freestyle Skiing,Contient
10e,Rowing,Contient
8e,Football,Contient
8e,Diving,Contient
14e,Fencing,Contient
9e,Equestrian Dressage,Contient
49e,Speed Skating,Contient
57e,Speed Skating,Contient
20e,Water Polo,Contient
58e,Speed Skating,Contient
60e,Speed Skating,Contient
48e,Equestrian Eventing,Contient
46e,Ski Jumping,Contient
44e,Ski Jumping,Contient
30e,Speed Skating,Contient
31e,Speed Skating,Contient
32e,Speed Skating,Contient
44e,Figure Skating,Contient
45e,Figure Skating,Contient
3e,Wrestling,Contient
25e,Sailing,Contient
5e,Diving,Contient
6e,Diving,Contient
6e,Rowing,Contient
61e,Artistic Swimming,Contient
7e,Boxing,Contient
11e,Basketball,Contient
9e,Swimming,Contient
47e,Bobsleigh,Contient
22e,Volleyball,Contient
3e,Basketball,Contient
26e,Sailing,Contient
35e,Speed Skating,Contient
19e,Canoe Sprint,Contient
53e,Taekwondo,Contient
59e,Archery,Contient
54e,Cycling Track,Contient
59e,Cycling Track,Contient
22e,Football,Contient
12e,Cycling Track,Contient
14e,Hockey,Contient
19e,Basketball,Contient
62e,Speed Skating,Contient
61e,Modern Pentathlon,Contient
8e,Cycling Road,Contient
53e,Artistic Gymnastics,Contient
54e,Artistic Gymnastics,Contient
12e,Boxing,Contient
13e,Boxing,Contient
40e,Ice Hockey,Contient
40e,Speed Skating,Contient
31e,Ice Hockey,Contient
43e,Nordic Combined,Contient
9e,Art Competitions,Contient
18e,Waterskiing,Contient
26e,Water Polo,Contient
2e,Equestrian Driving,Contient
15e,Cycling Track,Contient
18e,Basketball,Contient
3e,Golf,Contient
2e,Athletics,Contient
2e,Cycling Track,Contient
7e,Equestrian Eventing,Contient
9e,Equestrian Jumping,Contient
43e,Figure Skating,Contient
59e,Equestrian Jumping,Contient
21e,Archery,Contient
16e,Cycling Road,Contient
17e,Cycling Road,Contient
2e,Swimming,Contient
26e,Beach Volleyball,Contient
54e,Beach Volleyball,Contient
13e,Weightlifting,Contient
8e,Modern Pentathlon,Contient
29e,Military Ski Patrol,Contient
23e,Diving,Contient
21e,Diving,Contient
22e,Diving,Contient
45e,Freestyle Skiing,Contient
23e,Canoe Sprint,Contient
20e,Hockey,Contient
53e,Archery,Contient
24e,Cycling Track,Contient
25e,Cycling Track,Contient
26e,Cycling Track,Contient
19e,Weightlifting,Contient
46e,Curling,Contient
49e,Curling,Contient
5e,Bicycle Polo,Contient
59e,Golf,Contient
44e,Bobsleigh,Contient
37e,Figure Skating,Contient
22e,Water Polo,Contient
10e,Swimming,Contient
24e,Handball,Contient
54e,Wrestling,Contient
59e,Wrestling,Contient
2e,Motorcycle Sports,Contient
20e,Fencing,Contient
21e,Fencing,Contient
43e,Bobsleigh,Contient
16e,Cycling Track,Contient
59e,Judo,Contient
16e,Swimming,Contient
19e,Hockey,Contient
54e,Cycling Mountain Bike,Contient
26e,Hockey,Contient
18e,Badminton,Contient
10e,American Football,Contient
47e,Curling,Contient
43e,Cross Country Skiing,Contient
33e,Ski Jumping,Contient
15e,Equestrian Dressage,Contient
16e,Equestrian Dressage,Contient
22e,Archery,Contient
23e,Archery,Contient
24e,Archery,Contient
46e,Nordic Combined,Contient
47e,Nordic Combined,Contient
2e,Sailing,Contient
3e,Cycling Track,Contient
37e,Ski Jumping,Contient
11e,Diving,Contient
8e,Weightlifting,Contient
9e,Weightlifting,Contient
16e,Modern Pentathlon,Contient
54e,Canoe Sprint,Contient
59e,Canoe Sprint,Contient
54e,Canoe Slalom,Contient
7e,Football,Contient
23e,Fencing,Contient
10e,Diving,Contient
18e,Canoe Sprint,Contient
39e,Bobsleigh,Contient
7e,Tennis,Contient
26e,Boxing,Contient
9e,Diving,Contient
14e,Artistic Gymnastics,Contient
15e,Artistic Gymnastics,Contient
16e,Artistic Gymnastics,Contient
44e,Nordic Combined,Contient
16e,Canoe Sprint,Contient
42e,Biathlon,Contient
23e,Basque pelota,Contient
61e,Baseball,Contient
37e,Bobsleigh,Contient
20e,Weightlifting,Contient
53e,Wrestling,Contient
44e,Biathlon,Contient
45e,Biathlon,Contient
46e,Biathlon,Contient
47e,Biathlon,Contient
17e,Diving,Contient
17e,Volleyball,Contient
59e,Tennis,Contient
5e,Archery,Contient
7e,Archery,Contient
13e,Art Competitions,Contient
22e,Artistic Swimming,Contient
43e,Luge,Contient
58e,Biathlon,Contient
21e,Cycling Track,Contient
60e,Cross Country Skiing,Contient
17e,Fencing,Contient
18e,Fencing,Contient
42e,Ice Hockey,Contient
15e,Hockey,Contient
13e,Canoe Sprint,Contient
14e,Canoe Marathon,Contient
60e,Luge,Contient
26e,Artistic Gymnastics,Contient
9e,Hockey,Contient
14e,Wrestling,Contient
21e,Basketball,Contient
26e,Taekwondo,Contient
8e,Tennis,Contient
32e,Ice Stock Sport,Contient
18e,Cycling Road,Contient
62e,Curling,Contient
13e,Hockey,Contient
26e,Equestrian Jumping,Contient
61e,Golf,Contient
37e,Ice Stock Sport,Contient
14e,Cycling Track,Contient
30e,Skeleton,Contient
35e,Ski Jumping,Contient
54e,Handball,Contient
57e,Curling,Contient
60e,Curling,Contient
9e,Lacrosse,Contient
5e,Fencing,Contient
30e,Ice Hockey,Contient
35e,Ice Hockey,Contient
14e,Basketball,Contient
61e,Equestrian Eventing,Contient
22e,Sailing,Contient
53e,Cycling Track,Contient
30e,Cross Country Skiing,Contient
31e,Cross Country Skiing,Contient
45e,Speed Skating,Contient
42e,Luge,Contient
37e,Luge,Contient
61e,Sport Climbing,Contient
2e,Tennis,Contient
12e,Canoe Sprint,Contient
6e,Sailing,Contient
22e,Bowling,Contient
16e,Diving,Contient
25e,Modern Pentathlon,Contient
59e,Rugby Sevens,Contient
58e,Figure Skating,Contient
25e,Rhythmic Gymnastics,Contient
20e,Diving,Contient
12e,Weightlifting,Contient
16e,Weightlifting,Contient
60e,Short Track Speed Skating,Contient
20e,Modern Pentathlon,Contient
21e,Equestrian Dressage,Contient
53e,Badminton,Contient
54e,Badminton,Contient
59e,Badminton,Contient
11e,Canoe Marathon,Contient
44e,Luge,Contient
46e,Luge,Contient
54e,Equestrian Jumping,Contient
3e,Water Polo,Contient
11e,Baseball,Contient
29e,Figure Skating,Contient
16e,Volleyball,Contient
20e,Equestrian Eventing,Contient
8e,Sailing,Contient
20e,Artistic Gymnastics,Contient
5e,Boxing,Contient
18e,Water Polo,Contient
15e,Cycling Road,Contient
5e,Hockey,Contient
7e,Cycling Track,Contient
16e,Kendo,Contient
19e,Water Polo,Contient
33e,Speed Skating,Contient
54e,Cycling Road,Contient
59e,Cycling Road,Contient
61e,Triathlon,Contient
12e,Canoe Marathon,Contient
7e,Artistic Gymnastics,Contient
49e,Freestyle Skiing,Contient
26e,Archery,Contient
54e,Archery,Contient
11e,Canoe Sprint,Contient
32e,Bobsleigh,Contient
23e,Equestrian Jumping,Contient
17e,Rowing,Contient
54e,Rhythmic Gymnastics,Contient
47e,Snowboarding,Contient
25e,Taekwondo,Contient
11e,Artistic Gymnastics,Contient
12e,Basketball,Contient
5e,Rugby,Contient
7e,Rugby,Contient
15e,Diving,Contient
19e,Diving,Contient
15e,Wrestling,Contient
34e,Bobsleigh,Contient
59e,Beach Volleyball,Contient
29e,Cross Country Skiing,Contient
22e,Badminton,Contient
30e,Bobsleigh,Contient
8e,Artistic Gymnastics,Contient
24e,Diving,Contient
15e,Boxing,Contient
25e,Canoe Sprint,Contient
29e,Bobsleigh,Contient
10e,Lacrosse,Contient
33e,Figure Skating,Contient
53e,Triathlon,Contient
33e,Ice Hockey,Contient
59e,Artistic Gymnastics,Contient
3e,Roque,Contient
17e,Basketball,Contient
19e,Handball,Contient
44e,Speed Skiing,Contient
8e,Polo,Contient
26e,Wrestling,Contient
15e,Equestrian Jumping,Contient
10e,Sailing,Contient
29e,Alpinism,Contient
42e,Speed Skating,Contient
8e,Art Competitions,Contient
26e,Modern Pentathlon,Contient
54e,Taekwondo,Contient
59e,Taekwondo,Contient
18e,Equestrian Eventing,Contient
43e,Biathlon,Contient
44e,Freestyle Skiing,Contient
22e,Artistic Gymnastics,Contient
13e,Diving,Contient
7e,Weightlifting,Contient
26e,Badminton,Contient
42e,Nordic Combined,Contient
57e,Ski Jumping,Contient
58e,Ski Jumping,Contient
59e,Trampolining,Contient
45e,Ski Jumping,Contient
49e,Ski Jumping,Contient
37e,Ice Hockey,Contient
25e,Beach Volleyball,Contient
18e,Cycling Track,Contient
47e,Ski Jumping,Contient
11e,Handball,Contient
42e,Cross Country Skiing,Contient
60e,Snowboarding,Contient
60e,Ski Jumping,Contient
62e,Ski Jumping,Contient
19e,Fencing,Contient
18e,Judo,Contient
38e,Ski Jumping,Contient
61e,Wrestling,Contient
12e,Rowing,Contient
36e,Speed Skating,Contient
37e,Speed Skating,Contient
17e,Modern Pentathlon,Contient
18e,Modern Pentathlon,Contient
6e,Cycling Road,Contient
46e,Bobsleigh,Contient
9e,Wrestling,Contient
21e,Tennis,Contient
11e,Fencing,Contient
2e,Fishing,Contient
22e,Equestrian Jumping,Contient
13e,Modern Pentathlon,Contient
45e,Luge,Contient
53e,Rhythmic Gymnastics,Contient
10e,Wrestling,Contient
38e,Biathlon,Contient
39e,Biathlon,Contient
11e,Wrestling,Contient
53e,Trampolining,Contient
62e,Snowboarding,Contient
8e,Equestrian Jumping,Contient
21e,Hockey,Contient
13e,Canoe Marathon,Contient
22e,Equestrian Dressage,Contient
34e,Bandy,Contient
61e,Equestrian Jumping,Contient
58e,Skeleton,Contient
13e,Water Polo,Contient
14e,Water Polo,Contient
25e,Equestrian Dressage,Contient
53e,Equestrian Dressage,Contient
20e,Sailing,Contient
46e,Snowboarding,Contient
46e,Freestyle Skiing,Contient
24e,Softball,Contient
24e,Equestrian Eventing,Contient
7e,Ice Hockey,Contient
61e,Taekwondo,Contient
12e,Diving,Contient
41e,Biathlon,Contient
16e,Equestrian Eventing,Contient
17e,Equestrian Eventing,Contient
21e,Equestrian Eventing,Contient
40e,Nordic Combined,Contient
41e,Nordic Combined,Contient
43e,Short Track Speed Skating,Contient
44e,Short Track Speed Skating,Contient
9e,Boxing,Contient
25e,Triathlon,Contient
2e,Polo,Contient
34e,Speed Skating,Contient
22e,Cycling Track,Contient
11e,Gliding,Contient
31e,Bobsleigh,Contient
57e,Skeleton,Contient
6e,Baseball,Contient
5e,Wrestling,Contient
2e,Military Exercise,Contient
41e,Ski Jumping,Contient
2e,Croquet,Contient
59e,Cycling BMX Racing,Contient
36e,Ski Jumping,Contient
61e,Marathon Swimming,Contient
3e,Tennis,Contient
33e,Cross Country Skiing,Contient
33e,Nordic Combined,Contient
34e,Nordic Combined,Contient
16e,Water Polo,Contient
59e,Cycling Mountain Bike,Contient
54e,Artistic Swimming,Contient
59e,Artistic Swimming,Contient
53e,Table Tennis,Contient
54e,Table Tennis,Contient
59e,Triathlon,Contient
41e,Bobsleigh,Contient
42e,Bobsleigh,Contient
2e,Boules,Contient
39e,Alpine Skiing,Contient
29e,Nordic Combined,Contient
38e,Bobsleigh,Contient
58e,Snowboarding,Contient
12e,Equestrian Jumping,Contient
61e,Equestrian Dressage,Contient
32e,Military Ski Patrol,Contient
47e,Skeleton,Contient
22e,Rhythmic Gymnastics,Contient
25e,Fencing,Contient
12e,Lacrosse,Contient
7e,Sailing,Contient
45e,Nordic Combined,Contient
2e,Tug-Of-War,Contient
34e,Ice Hockey,Contient
34e,Figure Skating,Contient
3e,Rowing,Contient
2e,Automobile Racing,Contient
14e,Modern Pentathlon,Contient
37e,Biathlon,Contient
10e,Fencing,Contient
61e,Cycling BMX Racing,Contient
23e,Roller Hockey,Contient
29e,Curling,Contient
40e,Bobsleigh,Contient
6e,Equestrian Dressage,Contient
6e,Equestrian Eventing,Contient
6e,Equestrian Jumping,Contient
7e,Polo,Contient
7e,Equestrian Dressage,Contient
9e,Artistic Gymnastics,Contient
13e,Handball,Contient
48e,Equestrian Jumping,Contient
12e,Equestrian Eventing,Contient
25e,Equestrian Eventing,Contient
1e,Athletics,Contient
11e,Alpinism,Contient
61e,Canoe Slalom,Contient
17e,Tennis,Contient
10e,Modern Pentathlon,Contient
23e,Equestrian Dressage,Contient
13e,Equestrian Eventing,Contient
18e,Canoe Slalom,Contient
29e,Ice Hockey,Contient
11e,Weightlifting,Contient
31e,Figure Skating,Contient
2e,Ballooning,Contient
10e,Equestrian Dressage,Contient
10e,Cycling Road,Contient
2e,Motorboating,Contient
14e,Cycling Road,Contient
2e,Cricket,Contient
10e,Hockey,Contient
18e,Diving,Contient
30e,Military Ski Patrol,Contient
7e,Equestrian Vaulting,Contient
26e,Diving,Contient
6e,Modern Pentathlon,Contient
31e,Ski Jumping,Contient
38e,Luge,Contient
5e,Jeu De Paume,Contient
10e,Water Polo,Contient
8e,Rugby,Contient
16e,Equestrian Jumping,Contient
61e,Cycling BMX Freestyle,Contient
1e,Cycling Track,Contient
54e,Cycling BMX Racing,Contient
11e,Equestrian Jumping,Contient
7e,Korfball,Contient
62e,Nordic Combined,Contient
39e,Luge,Contient
7e,Art Competitions,Contient
10e,Cycling Track,Contient
24e,Beach Volleyball,Contient
18e,Equestrian Dressage,Contient
11e,Modern Pentathlon,Contient
60e,Skeleton,Contient
62e,Skeleton,Contient
53e,Artistic Swimming,Contient
5e,Football,Contient
32e,Ski Jumping,Contient
34e,Ski Jumping,Contient
53e,Equestrian Jumping,Contient
53e,Equestrian Eventing,Contient
13e,Pesäpallo,Contient
7e,Equestrian Jumping,Contient
2e,Football,Contient
9e,Equestrian Eventing,Contient
53e,Marathon Swimming,Contient
54e,Marathon Swimming,Contient
2e,Longue Paume,Contient
13e,Equestrian Jumping,Contient
16e,Baseball,Contient
54e,Trampolining,Contient
54e,Equestrian Dressage,Contient
2e,Firefighting,Contient
2e,Archery,Contient
40e,Ski Jumping,Contient
38e,Nordic Combined,Contient
10e,Shooting,Contient
7e,Diving,Contient
15e,Modern Pentathlon,Contient
14e,Baseball,Contient
13e,Equestrian Dressage,Contient
17e,Water Polo,Contient
1e,Cycling Road,Contient
13e,Cycling Track,Contient
45e,Short Track Speed Skating,Contient
11e,Equestrian Eventing,Contient
11e,Equestrian Dressage,Contient
31e,Nordic Combined,Contient
7e,Tug-Of-War,Contient
3e,Lacrosse,Contient
53e,Cycling BMX Racing,Contient
3e,Archery,Contient
11e,Polo,Contient
35e,Figure Skating,Contient
19e,Archery,Contient
31e,Curling,Contient
9e,Modern Pentathlon,Contient
9e,Korfball,Contient
5e,Racquets,Contient
2e,Water Polo,Contient
9e,Cycling Road,Contient
4e,Athletics,Contient
5e,Lacrosse,Contient
14e,Canoe Sprint,Contient
7e,Modern Pentathlon,Contient
3e,Football,Contient
5e,Polo,Contient
5e,Water Polo,Contient
39e,Ski Jumping,Contient
10e,Equestrian Jumping,Contient
19e,Modern Pentathlon,Contient
20e,Equestrian Dressage,Contient
1e,Tennis,Contient
36e,Biathlon,Contient
2e,Equestrian Jumping,Contient
1e,Swimming,Contient
8e,Equestrian Eventing,Contient
6e,Tug-Of-War,Contient
1e,Fencing,Contient
30e,Figure Skating,Contient
5e,Motorboating,Contient
12e,Equestrian Dressage,Contient
2e,Equestrian Dressage,Contient
8e,Savate,Contient
19e,Equestrian Dressage,Contient
31e,Dogsled Racing,Contient
17e,Equestrian Dressage,Contient
10e,Weightlifting,Contient
9e,Kaatsen,Contient
37e,Nordic Combined,Contient
61e,Surfing,Contient
2e,Basque pelota,Contient
1e,Artistic Gymnastics,Contient
3e,Boxing,Contient
3e,Diving,Contient
4e,Shooting,Contient
7e,Cycling Road,Contient
1e,Weightlifting,Contient
5e,Glíma,Contient
1e,Wrestling,Contient
21e,Rhythmic Gymnastics,Contient
30e,Skijoring,Contient
6e,Glíma,Contient
2e,Lifesaving,Contient
8e,Canoe Sprint,Contient
3e,Fencing,Contient
8e,Canne De Combat,Contient
11e,Aeronautics,Contient
10e,Alpinism,Contient
