discipline,label
"4 × 400 metres Relay, Women",discipline
"Beach Volleyball, Women",discipline
"10,000 metres, Men",discipline
"Individual All-Around, Men",discipline
"Team All-Around, Men",discipline
"Floor Exercise, Men",discipline
"Horse Vault, Men",discipline
"Pommelled Horse, Men",discipline
"Rope Climbing, Men",discipline
"4 × 200 metres Freestyle Relay, Men",discipline
"200 metres Breaststroke, Men",discipline
"Platform, Men",discipline
"Synchronized Platform, Men",discipline
"Skeleton, Women",discipline
"Ice Dancing, Mixed",discipline
"Water Polo, Men",discipline
"Foil, Individual, Men",discipline
"Sabre, Individual, Men",discipline
"Middleweight, Men",discipline
"5 kilometres, Women",discipline
"10 kilometres, Women",discipline
"4 × 5 kilometres Relay, Women",discipline
"50 metres Freestyle, Men",discipline
"100 metres Freestyle, Men",discipline
"4 × 100 metres Freestyle Relay, Men",discipline
"4 × 100 metres Medley Relay, Men",discipline
"Cross-Country, Women",discipline
"500 metres, Men",discipline
"1,000 metres, Men",discipline
"1,500 metres, Men",discipline
"Coxed Fours, Men",discipline
"Épée, Team, Men",discipline
"Ice Hockey, Men",discipline
"Singles, Men",discipline
"Doubles, Men",discipline
"Singles, Covered Courts, Men",discipline
"Doubles, Covered Courts, Men",discipline
"Doubles, Covered Courts, Mixed",discipline
"100 metres Backstroke, Women",discipline
"Small-Bore Rifle, Three Positions, 50 metres, Women",discipline
"Coxless Fours, Men",discipline
"Javelin Throw, Women",discipline
"Singles, Women",discipline
"Doubles, Women",discipline
"15 kilometres, Men",discipline
"4 × 10 kilometres Relay, Men",discipline
"Football, Men",discipline
"Marathon, Men",discipline
"Volleyball, Men",discipline
"Foil, Team, Men",discipline
"One Person Dinghy, Open",discipline
"Three Person Keelboat, Open",discipline
"Featherweight, Women",discipline
"Giant Slalom, Men",discipline
"Single Sculls, Men",discipline
"30 kilometres, Men",discipline
"50 kilometres, Men",discipline
"Free Rifle, Any Position, 300 metres, Men",discipline
"Military Rifle, 200 metres, Men",discipline
"Free Pistol, 50 yards, Men",discipline
"Free Pistol, 50 yards, Team, Men",discipline
"Free Rifle, Three Positions, 300 metres, Team, Men",discipline
"Military Rifle, 200/500/600/800/900/1,000 yards, Team, Men",discipline
"Free Pistol, 50 metres, Men",discipline
"Free Pistol, 50 metres, Team, Men",discipline
"Dueling Pistol, 30 metres, Men",discipline
"Dueling Pistol, 30 metres, Team, Men",discipline
"Military Rifle, Three Positions, 300 metres, Men",discipline
"Military Rifle, Any Position, 600 metres, Men",discipline
"Military Rifle, 200, 400, 500 and 600 metres, Team, Men",discipline
"Small-Bore Rifle, Any Position, 50 metres, Men",discipline
"Small-Bore Rifle, Prone, 50 metres, Team, Men",discipline
"Small-Bore Rifle, Disappearing Target, 25 metres, Men",discipline
"Small-Bore Rifle, Disappearing Target, 25 metres, Team, Men",discipline
"Running Target, Single Shot, Men",discipline
"Military Pistol, Team, Men",discipline
"Free Rifle, Three Positions, 300 metres, Men",discipline
"Military Rifle, Prone, 300 metres, Team, Men",discipline
"Military Rifle, Prone, 600 metres, Men",discipline
"Military Rifle, Prone, 600 metres, Team, Men",discipline
"Military Rifle, Standing, 300 metres, Team, Men",discipline
"Military Rifle, Prone, 300 and 600 metres, Team, Men",discipline
"Small-Bore Rifle, Standing, 50 metres, Men",discipline
"Smal-Bore Rifle, Standing, 50 metres, Team, Men",discipline
"Rapid-Fire Pistol, 25 metres, Men",discipline
"Free Rifle, Prone, 600 metres, Men",discipline
"Free Rifle, 400, 600 and 800 metres, Team, Men",discipline
"Small-Bore Rifle, Prone, 50 metres, Men",discipline
"Flyweight, Men",discipline
"Bantamweight, Men",discipline
"Long Jump, Women",discipline
"Team, Mixed",discipline
"Heavyweight, Greco-Roman, Men",discipline
"Super-Heavyweight, Greco-Roman, Men",discipline
"5,000 metres, Men",discipline
"Team Pursuit, 4,000 metres, Men",discipline
"Two, Men",discipline
"Four, Men",discipline
"Four, Open",discipline
"Coxed Fours, Women",discipline
"Coxless Fours, Women",discipline
"Painting, Paintings, Open",discipline
"Light-Heavyweight, Men",discipline
"Sprint, Men",discipline
"Skiff, Men",discipline
"Sabre, Team, Men",discipline
"Basketball, Men",discipline
"Military Ski Patrol, Men",discipline
"Lightweight, Men",discipline
"Featherweight, Men",discipline
"Hammer Throw, Women",discipline
"Light-Welterweight, Men",discipline
"Eights, Men",discipline
"30 kilometres, Women",discipline
"Two Person Keelboat, Open",discipline
"Hockey, Men",discipline
"Individual, Open",discipline
"Team, Open",discipline
"Heavyweight, Men",discipline
"100 metres Freestyle, Women",discipline
"4 × 100 metres Freestyle Relay, Women",discipline
"4 × 100 metres Medley Relay, Women",discipline
"200 metres Backstroke, Women",discipline
"Lightweight, Greco-Roman, Men",discipline
"Individual, Women",discipline
"Pole Vault, Men",discipline
"Middle-Heavyweight, Men",discipline
"Madison, Men",discipline
"Omnium, Men",discipline
"Handball, Men",discipline
"Triple Jump, Men",discipline
"Épée, Individual, Men",discipline
"Hockey, Women",discipline
"Coxless Fours, Boys",discipline
"200 metres Freestyle, Men",discipline
"Individual All-Around, Women",discipline
"Team All-Around, Women",discipline
"Floor Exercise, Women",discipline
"Uneven Bars, Women",discipline
"Balance Beam, Women",discipline
"Downhill, Women",discipline
"Super G, Women",discipline
"Giant Slalom, Women",discipline
"Slalom, Women",discipline
"Combined, Women",discipline
"Kayak Doubles, 1,000 metres, Men",discipline
"Kayak Fours, 1,000 metres, Men",discipline
"Lightweight, Freestyle, Men",discipline
"Single Sculls, Women",discipline
"Welterweight, Greco-Roman, Men",discipline
"400 metres Freestyle, Women",discipline
"800 metres Freestyle, Women",discipline
"Coxed Pairs, Men",discipline
"Small-Bore Rifle, Three Positions, 50 metres, Men",discipline
"Small-Bore Rifle, Three Positions, 50 metres, Open",discipline
"Small-Bore Rifle, Prone, 50 metres, Open",discipline
"4 × 100 metres Relay, Men",discipline
"4 × 400 metres Relay, Men",discipline
"400 metres, Men",discipline
"26th Federal Festival, Society and Association Contests, Non-Simultaneous, Shooting Championships, Youth, Men",discipline
"Bantamweight, Freestyle, Men",discipline
"10 kilometres Sprint, Men",discipline
"12.5 kilometres Pursuit, Men",discipline
"20 kilometres, Men",discipline
"4 × 7.5 kilometres Relay, Men",discipline
"2 × 6 kilometres and 2 × 7.5 kilometres Relay, Mixed",discipline
"French Skiffs, Coxed Pairs, Men",discipline
"100 metres, Women",discipline
"4 × 100 metres Relay, Women",discipline
"100 metres, Men",discipline
"Air Rifle, 10 metres, Women",discipline
"Coxless Pairs, Men",discipline
"Olympic Distance, Men",discipline
"400 metres Hurdles, Men",discipline
"Long Jump, Men",discipline
"Parallel Bars, Men",discipline
"Horizontal Bar, Men",discipline
"Rings, Men",discipline
"15 kilometres, Women",discipline
"4 × 6 kilometres Relay, Women",discipline
"Canadian Doubles, 1,000 metres, Men",discipline
"Tug-Of-War, Men",discipline
"High Jump, Men",discipline
"50 metres Freestyle, Women",discipline
"Ice Hockey, Women",discipline
"Team, Women",discipline
"Duet, Women",discipline
"Moguls, Women",discipline
"Trap, Men",discipline
"Trap, Open",discipline
"Downhill, Men",discipline
"Super G, Men",discipline
"Slalom, Men",discipline
"Combined, Men",discipline
"Olympic Distance, Women",discipline
"200 metres Individual Medley, Women",discipline
"400 metres Individual Medley, Women",discipline
"Individual, Men",discipline
"Team, Men",discipline
"Pairs, Mixed",discipline
"Discus Throw, Men",discipline
"Volleyball, Women",discipline
"Windsurfer, Women",discipline
"Featherweight, Greco-Roman, Men",discipline
"American Football, Men",discipline
"Heavyweight, Freestyle, Men",discipline
"Light-Heavyweight, Greco-Roman, Men",discipline
"Discus Throw, Women",discipline
"Shot Put, Men",discipline
"Solo, Women",discipline
"Half-Heavyweight, Men",discipline
"Open Class, Men",discipline
"Baseball, Men",discipline
"Aerials, Women",discipline
"Individual All-Around, Field Sports, Men",discipline
"Individual All-Around, 4 Events, Men",discipline
"Individual All-Around, Apparatus Work, Men",discipline
"Side Horse, Men",discipline
"Cross-Country, Men",discipline
"Springboard, Men",discipline
"Unlimited, Two Hands, Men",discipline
"Quadruple Sculls, Men",discipline
"3,000 metres Steeplechase, Men",discipline
"High Jump, Women",discipline
"Standing High Jump, Men",discipline
"10 kilometres Open Water, Women",discipline
"200 metres Breaststroke, Women",discipline
"Handball, Women",discipline
"Middleweight, Women",discipline
"Super-Heavyweight, Men",discipline
"Kumite, ≤55 kg, Women",discipline
"Rugby Sevens, Men",discipline
"Rugby Sevens, Women",discipline
"Half-Heavyweight, Women",discipline
"500 metres, Women",discipline
"3,000 metres Relay, Women",discipline
"1,000 metres, Women",discipline
"1,500 metres, Women",discipline
"Half-Lightweight, Women",discipline
"3,000 metres Steeplechase, Women",discipline
"Horse Vault, Women",discipline
"Road Race, Individual, Men",discipline
"100 kilometres Team Time Trial, Men",discipline
"100 metres Hurdles, Women",discipline
"400 metres Freestyle, Men",discipline
"1,500 metres Freestyle, Men",discipline
"Painting, Unknown Event, Open",discipline
"10 kilometres Race Walk, Men",discipline
"200 metres, Men",discipline
"Flyweight, Freestyle, Men",discipline
"Basketball, Women",discipline
"Multihull, Open",discipline
"Kayak Doubles, 500 metres, Men",discipline
"Lightweight Double Sculls, Men",discipline
"Ski Cross, Women",discipline
"Skeet, Open",discipline
"Heavyweight, Women",discipline
"Kayak Singles, 500 metres, Women",discipline
"4 × 200 metres Freestyle Relay, Women",discipline
"18 kilometres, Men",discipline
"Kumite, >75 kg, Men",discipline
"3,000 metres, Women",discipline
"50 kilometres Race Walk, Men",discipline
"100 metres Breaststroke, Men",discipline
"Doubles, Mixed",discipline
"Kayak Doubles, 500 metres, Women",discipline
"Kayak Fours, 500 metres, Women",discipline
"Two Person Dinghy, Men",discipline
"Half-Middleweight, Men",discipline
"Sculpturing, Open",discipline
"Light-Flyweight, Freestyle, Men",discipline
"Triple Jump, Women",discipline
"Extra-Lightweight, Men",discipline
"200 metres Freestyle, Women",discipline
"Doubles, Open",discipline
"Road Race, Individual, Women",discipline
"Individual Time Trial, Women",discipline
"100 metres Butterfly, Women",discipline
"Canadian Doubles, 500 metres, Men",discipline
"Curling, Women",discipline
"Welterweight, Men",discipline
"Heavyweight II, Men",discipline
"10,000 metres, Women",discipline
"Light-Heavyweight, Freestyle, Men",discipline
"Painting, Applied Arts, Open",discipline
"800 metres, Men",discipline
"Three Person Keelboat, Women",discipline
"Football, Women",discipline
"Decathlon, Men",discipline
"30 kilometres Skiathlon, Men",discipline
"Sprint, Women",discipline
"Team Sprint, Women",discipline
"Double Sculls, Men",discipline
"Normal Hill, Individual, Men",discipline
"Large Hill, Individual, Men",discipline
"Large Hill, Team, Men",discipline
"Marathon, Women",discipline
"Road Race, Team, Men",discipline
"Kayak Singles, Slalom, Men",discipline
"800 metres, Women",discipline
"1,000 metres Time Trial, Men",discipline
"Heptathlon, Women",discipline
"100 metres Breaststroke, Women",discipline
"Windsurfer, Men",discipline
"Moguls, Men",discipline
"5.5 metres, Open",discipline
"Lightweight, Women",discipline
"200 metres Individual Medley, Men",discipline
"8 metres, Open",discipline
"Welterweight, Women",discipline
"Team Relay, Mixed",discipline
"Synchronized Springboard, Men",discipline
"Lightweight Coxless Fours, Men",discipline
"Lightweight Double Sculls, Women",discipline
"Softball, Women",discipline
"400 metres Breaststroke, Men",discipline
"Hammer Throw, Men",discipline
"Architecture, Further Entries, Open",discipline
"Extra-Lightweight, Women",discipline
"3,000 metres, Team, Men",discipline
"3 × 5 kilometres Relay, Women",discipline
"Special Figures, Men",discipline
"Group, Women",discipline
"400 metres Individual Medley, Men",discipline
"Double Sculls, Women",discipline
"Two Person Heavyweight Dinghy, Open",discipline
"Eights, Women",discipline
"Light-Middleweight, Men",discipline
"Foil, Team, Women",discipline
"Running Target, Single Shot, Team, Men",discipline
"Running Target, Double Shot, Team, Men",discipline
"Air Rifle, 10 metres, Men",discipline
"Team Aerials, Mixed",discipline
"Javelin Throw, Men",discipline
"50 yards Freestyle, Men",discipline
"100 yards Freestyle, Men",discipline
"220 yards Freestyle, Men",discipline
"440 yards Freestyle, Men",discipline
"880 yards Freestyle, Men",discipline
"4 × 50 yards Freestyle Relay, Men",discipline
"100 yards Backstroke, Men",discipline
"400 metres Hurdles, Women",discipline
"Sculpturing, Unknown Event, Open",discipline
"Australian Rules Football, Men",discipline
"5/10 kilometres Pursuit, Women",discipline
"Double Trap, Men",discipline
"20 kilometres Race Walk, Women",discipline
"6 metres, Open",discipline
"200 metres, Women",discipline
"Super-Heavyweight, Freestyle, Men",discipline
"15 kilometres Skiathlon, Women",discipline
"5,000 metres Relay, Men",discipline
"Sabre, Individual, Women",discipline
"Sabre, Team, Women",discipline
"200 metres Butterfly, Women",discipline
"Winter Pentathlon, Men",discipline
"Changquan, Men",discipline
"Curling, Men",discipline
"Water Polo, Women",discipline
"3x3 Basketball, Women",discipline
"200 metres Backstroke, Men",discipline
"100 metres Backstroke, Men",discipline
"100 metres Butterfly, Men",discipline
"Canadian Singles, Slalom, Men",discipline
"100 yards, Boys",discipline
"880 yards, Boys",discipline
"220 yards Hurdles, Boys",discipline
"4 × 440 yards Relay, Boys",discipline
"High Jump, Boys",discipline
"Long Jump, Boys",discipline
"880 yards, Handicap, Men",discipline
"2 miles, Handicap, Men",discipline
"Cross-Country, Individual, Men",discipline
"Cross-Country, Team, Men",discipline
"Frontenis, Doubles, Men",discipline
"Free Pistol, 50 metres, Open",discipline
"Cesta Punta, Doubles, Men",discipline
"Middleweight, Greco-Roman, Men",discipline
"Air Pistol, 10 metres, Men",discipline
"Individual Pursuit, Women",discipline
"Normal Hill / 10 km, Individual, Men",discipline
"Large Hill / 10 km, Individual, Men",discipline
"Two Person Dinghy, Open",discipline
"Blé, Triples, Men",discipline
"Pala, Doubles, Men",discipline
"Keirin, Men",discipline
"Shot Put, Boys",discipline
"Cross, Men",discipline
"Flyweight, Greco-Roman, Men",discipline
"Trap, Team, Men",discipline
"Half-Lightweight, Men",discipline
"5,000 metres, Women",discipline
"Street, Women",discipline
"Allround, Men",discipline
"Team Portable Apparatus, Women",discipline
"Welterweight, Freestyle, Men",discipline
"Rugby, Men",discipline
"Skeleton, Men",discipline
"Coxed Quadruple Sculls, Women",discipline
"Plain High, Men",discipline
"Free Rifle, Three Positions, 300 metres, Open",discipline
"Team Pursuit (6 laps), Women",discipline
"Bantamweight, Greco-Roman, Men",discipline
"One Person Dinghy, Men",discipline
"110 metres Hurdles, Men",discipline
"10/10 kilometres Pursuit, Men",discipline
"Kayak Singles, 1,000 metres, Men",discipline
"Featherweight, Freestyle, Men",discipline
"Coxed Fours, Outriggers, Men",discipline
"Quadruple Sculls, Women",discipline
"Flyweight, Women",discipline
"Two, Women",discipline
"10 kilometres, Men",discipline
"10/15 kilometres Pursuit, Men",discipline
"Mass Start, Men",discipline
"Team Pursuit (8 laps), Men",discipline
"Shot Put, Women",discipline
"80 metres Hurdles, Women",discipline
"Ice Hockey Exhibition, Men",discipline
"Park, Men",discipline
"Tricks, Women",discipline
"Jumping, Women",discipline
"Four-In-Hand Competition, Open",discipline
"Tandem Sprint, 2,000 metres, Men",discipline
"7.5 kilometres Sprint, Women",discipline
"10 kilometres Pursuit, Women",discipline
"6-hour race, Professionals, Men",discipline
"50 kilometres, Professionals, Men",discipline
"100 kilometres, Professionals, Men",discipline
"100 miles, Professionals, Men",discipline
"10 kilometres Race Walk, Women",discipline
"1,000 metres Freestyle, Men",discipline
"4,000 metres Freestyle, Men",discipline
"3,500 metres Race Walk, Men",discipline
"10 miles Race Walk, Men",discipline
"Bicycle Polo, Men",discipline
"Halfpipe, Men",discipline
"400 metres, Women",discipline
"Running Target, 50 metres, Open",discipline
"Paris-Toulouse-Paris, Motorcycles, Men",discipline
"Aerials, Men",discipline
"Foil, Individual, Women",discipline
"Épée, Masters, Individual, Men",discipline
"Sanshou (≤70 kilograms), Men",discipline
"200 metres Butterfly, Men",discipline
"Open, Open",discipline
"½-1 Ton, Open",discipline
"3-10 Ton, Open",discipline
"⅓ mile, Professionals, Men",discipline
"½ mile, Professionals, Men",discipline
"⅔ mile, Professionals, Men",discipline
"1 mile, Professionals, Men",discipline
"½ mile, Handicap, Professionals, Men",discipline
"2 miles, Handicap, Professionals, Men",discipline
"Kayak Singles, 200 metres, Men",discipline
"Canadian Doubles, Slalom, Men",discipline
"Pentathlon, Women",discipline
"Two Person Dinghy, Women",discipline
"Platform, Women",discipline
"12 metres, Open",discipline
"Pala Corta, Doubles, Men",discipline
"Paleta Cuero, Doubles, Men",discipline
"Double Trap, Women",discipline
"100 kilometres, Men",discipline
"Team Pursuit, Women",discipline
"15 kilometres Mass Start, Men",discipline
"One Person Heavyweight Dinghy, Men",discipline
"Sculpturing, Statues, Open",discipline
"Double York Round, Men",discipline
"Continental Style, Men",discipline
"Target Archery, 28 metres, Team, Men",discipline
"Target Archery, 33 metres, Team, Men",discipline
"Target Archery, 50 metres, Team, Men",discipline
"Painting, Open",discipline
"Points Race, Men",discipline
"Canadian Doubles, 10,000 metres, Men",discipline
"20 kilometres Race Walk, Men",discipline
"Target Shooting, Women",discipline
"Super-Heavyweight, Women",discipline
"Air Pistol, 10 metres, Women",discipline
"Sporting Pistol, 25 metres, Women",discipline
"Light-Flyweight, Greco-Roman, Men",discipline
"Free Rifle, 1,000 yards, Men",discipline
"Light-Heavyweight, Women",discipline
"Light-Flyweight, Men",discipline
"Kayak Singles, 200 metres, Women",discipline
"Giant Slalom, LW2, Women",discipline
"Lacrosse, Men",discipline
"Windsurfer, Open",discipline
"Team Sprint, Men",discipline
"100 metres, Professionals, Handicap, Men",discipline
"400 metres, Professionals, Handicap, Men",discipline
"Singles, Handicap, Men",discipline
"2,000 metres Relay, Mixed",discipline
"Folding Kayak Singles, 10,000 metres, Men",discipline
"Skeet, Men",discipline
"Doubles, Handicap, Men",discipline
"1 mile Freestyle, Men",discipline
"Plunge For Distance, Men",discipline
"Standing Long Jump, Men",discipline
"800 metres Freestyle, Men",discipline
"Pole Vault, Handicap, Men",discipline
"Architecture, Open",discipline
"Frontenis, Doubles, Women",discipline
"Épée, Individual, Women",discipline
"Épée, Team, Women",discipline
"Springboard, Women",discipline
"Renshu, Open",discipline
"Keirin, Women",discipline
"Kayak Doubles, 10,000 metres, Men",discipline
"5 kilometres, B1, Women",discipline
"Middleweight, Freestyle, Men",discipline
"Team All-Around, Swedish System, Men",discipline
"Coxed Fours, Inriggers, Men",discipline
"Air Rifle, 10 metres, Team, Mixed",discipline
"Parallel Giant Slalom, Women",discipline
"Coxless Pairs, Boys",discipline
"Slopestyle, Women",discipline
"Half-Middleweight, Women",discipline
"Painting, Drawings And Water Colors, Open",discipline
"Individual Time Trial, Men",discipline
"Four/Five, Men",discipline
"Ski Cross, Men",discipline
"Coxless Pairs, Women",discipline
"Sculpturing, Medals And Reliefs, Open",discipline
"Sculpturing, Medals, Open",discipline
"Canadian Singles, 200 metres, Women",discipline
"Canadian Doubles, 500 metres, Women",discipline
"Cross, Women",discipline
"Pentathlon, Men",discipline
"12.5 kilometres Mass Start, Women",discipline
"Polo, Men",discipline
"Alpinism, Open",discipline
"Foil, Masters, Individual, Men",discipline
"One Person Dinghy, Women",discipline
"Ballet, Women",discipline
"Kayak Doubles, 200 metres, Men",discipline
"Heavyweight I, Men",discipline
"Beach Volleyball, Men",discipline
"Doubles, Handicap, Mixed",discipline
"Singles, Handicap, Women",discipline
"Pole Vault, Women",discipline
"Plain High, Women",discipline
"4 × 400 metres Relay, Mixed",discipline
"Canadian Singles, 1,000 metres, Men",discipline
"Canadian Singles, 500 metres, Men",discipline
"Canadian Singles, 200 metres, Men",discipline
"Skiff, Open",discipline
"Slopestyle, Men",discipline
"Big Air, Men",discipline
"Normal Hill, Individual, Women",discipline
"Double National Round, Women",discipline
"Synchronized Platform, Women",discipline
"20 kilometres, Women",discipline
"Concours d'honneur, Men",discipline
"Target Shooting, Men",discipline
"Synchronized Springboard, Women",discipline
"Bandy, Men",discipline
"10 metres, Open",discipline
"Middleweight, Freestyle, Women",discipline
"Big Air, Women",discipline
"Individual Pursuit, 4,000 metres, Men",discipline
"Mano, Doubles, Men",discipline
"Featherweight, Freestyle, Women",discipline
"Kayak Singles, 500 metres, Men",discipline
"440 yards, Boys",discipline
"5/5 kilometres Pursuit, Women",discipline
"Painting, Graphic Arts, Open",discipline
"Sabre, Masters, Individual, Men",discipline
"3,000 m, Women",discipline
"Music, Compositions For Orchestra, Open",discipline
"Skiff, Women",discipline
"Multihull, Mixed",discipline
"440 yards, Handicap, Men",discipline
"3,000 metres, Handicap, Professionals, Men",discipline
"4 × 7.5 kilometres Relay, Women",discipline
"1 mile, Boys",discipline
"1 mile, Men",discipline
"Gliding, Open",discipline
"Overall, Men",discipline
"Preparatory Military Training, Group D, Men",discipline
"Complementary Military Training, Men",discipline
"Singles, One Ball, Open",discipline
"Singles, Two Balls, Open",discipline
"BMX, Men",discipline
"800 metres Wheelchair, Women",discipline
"Tricks, Men",discipline
"Jumping, Men",discipline
"Literature, Open",discipline
"Park, Women",discipline
"3 × 7.5 kilometres Relay, Women",discipline
"½ mile, Men",discipline
"5 miles, Men",discipline
"25 miles, Men",discipline
"5 miles, Handicap, Men",discipline
"Lightweight, Freestyle, Women",discipline
"Trap, Women",discipline
"Trap, Team, Mixed",discipline
"5 kilometres, B1, Men",discipline
"Parallel Giant Slalom, Men",discipline
"220 yards, Handicap, Men",discipline
"Jeu lyonnais, Quartets, Men",discipline
"Music, Instrumental And Chamber, Open",discipline
"Two Person Keelboat, Men",discipline
"French Skiffs, Coxless Fours, Men",discipline
"Parallel Slalom, Women",discipline
"Team All-Around, Free System, Men",discipline
"Rapid-Fire Pistol, 25 metres, Open",discipline
"Kumite, ≤67 kg, Men",discipline
"Mass Start, Women",discipline
"Discus Throw, Handicap, Men",discipline
"Points Race, Women",discipline
"200 metres Hurdles, Men",discipline
"400 metres Hurdles, Handicap, Men",discipline
"Double Sculls, Intermediate, Men",discipline
"Eights, Intermediate, Men",discipline
"Paris-Toulouse-Paris, Cars, Men",discipline
"Roller Hockey, Men",discipline
"Architecture, Architectural Designs, Open",discipline
"10-20 Ton, Open",discipline
"1-2 Ton, Open",discipline
"26th Federal Festival, Society and Association Contests, Non-Simultaneous, Olympic Championships, Individual, Men",discipline
"Kayak Singles, Slalom, Women",discipline
"Skeet, Women",discipline
"Heavyweight, Freestyle, Women",discipline
"BMX, Women",discipline
"Free Rifle, Kneeling, 300 metres, Men",discipline
"Free Rifle, Prone, 300 metres, Men",discipline
"Free Rifle, Standing, 300 metres, Men",discipline
"4 × 100 metres Medley Relay, Mixed",discipline
"Discus Throw, Greek Style, Men",discipline
"Shot Put, Both Hands, Men",discipline
"Discus Throw, Both Hands, Men",discipline
"56-pound Weight Throw, Men",discipline
"Street, Men",discipline
"Sprint, Professionals, Men",discipline
"Tandem Sprint, Professionals, Men",discipline
"Team Sprint, Professionals, Men",discipline
"2,500 metres Steeplechase, Men",discipline
"3x3 Basketball, Men",discipline
"Longest distance travelled (#2), Handicap, Open",discipline
"Longest distance travelled (#3), Open",discipline
"Longest distance travelled (#4), Second Degree, Open",discipline
"Longest time travelled (#1), Handicap, Open",discipline
"Longest time travelled (#2), Handicap, Open",discipline
"Longest time travelled (#3), Open",discipline
"Longest time travelled (#4), Second Degree, Open",discipline
"Greatest height achieved (#1), Handicap, Open",discipline
"Greatest height achieved (#2), Handicap, Open",discipline
"Greatest height achieved (#3), Open",discipline
"Closest landing to target (#1), Open",discipline
"Closest landing to target (#2), Open",discipline
"Closest landing to target (#3), Combined, Open",discipline
"Closest landing to target (#3), Intermediate stop, Open",discipline
"Grand Prix de l'aéronautique, Open",discipline
"Ascension report, Combined, Open",discipline
"Music, Open",discipline
"Relay, Mixed",discipline
"Speed, < 6.5 m, Men",discipline
"Endurance, 6.5-8 m, Men",discipline
"Running Target, Single and Double Shot, Men",discipline
"Cricket, Men",discipline
"Distance Shooting, Men",discipline
"Individual, Handicap, Men",discipline
"12-Hours Race, Men",discipline
"Daoshu & Gunshu, Men",discipline
"880 yards, Men",discipline
"Korfball, Mixed",discipline
"Halfpipe, Women",discipline
"Kayak Singles, 10,000 metres, Men",discipline
"3,200 metres Steeplechase, Men",discipline
"Pole Archery, Small Birds, Individual, Men",discipline
"Pole Archery, Large Birds, Individual, Men",discipline
"Pole Archery, Small Birds, Team, Men",discipline
"Pole Archery, Large Birds, Team, Men",discipline
"4 miles, Team, Men",discipline
"Military Rifle, Prone, 300 metres, Men",discipline
"Pesäpallo, Men",discipline
"Military Pistol, 25 metres, Men",discipline
"10 kilometres Open Water, Men",discipline
"Madison, Women",discipline
"Endurance, <6.5 m, Men",discipline
"Nanquan & Nangun, Men",discipline
"Sanshou (≤52 kilograms), Women",discipline
"120 yards Hurdles, Men",discipline
"Long Jump, Handicap, Men",discipline
"1,500 metres Wheelchair, Men",discipline
"Partie à terrer, Men",discipline
"Middleweight A, Greco-Roman, Men",discipline
"3 miles, Team, Men",discipline
"Mixed Doubles, Mixed",discipline
"800 metres, Handicap, Men",discipline
"Paleta Goma, Doubles, Men",discipline
"Preparatory Military Training, Group A, Men",discipline
"Free Exercise, Group A, Men",discipline
"60 metres, Men",discipline
"Finweight, Men",discipline
"Flyweight, Freestyle, Women",discipline
"Maneuvering, International, Volunteer Firefighters, Men",discipline
"Military Rifle, Standing, 300 metres, Men",discipline
"Running Target, Double Shot, Men",discipline
"Sur La Perche À La Herse, Men",discipline
"Sur La Perche À La Pyramide, Men",discipline
"Kayak Relay, 4 × 500 metres, Men",discipline
"Architecture, Designs For Town Planning, Open",discipline
"Sanshou (≤56 kilograms), Men",discipline
"Folding Kayak Doubles, 10,000 metres, Men",discipline
"100 yards, Handicap, Men",discipline
"1 mile, Handicap, Men",discipline
"300 metres Freestyle, Women",discipline
"220 yards, Boys",discipline
"100 yards, Men",discipline
"Music, Compositions For Solo Or Chorus, Open",discipline
"Kayak Fours, 500 metres, Men",discipline
"Points Race, Professionals, Men",discipline
"Running Target, 10 metres, Men",discipline
"Singles, Covered Courts, Women",discipline
"Double American Round, Men",discipline
"Team Round, Men",discipline
"Javelin Throw, Both Hands, Men",discipline
"Sanshou (≤85 kilograms), Men",discipline
"Maneuvering, International, British Firefighters, Men",discipline
"24-Hours Race, Professionals, Men",discipline
"National Team Sprint, Professionals, Men",discipline
"200 metres Obstacle Course, Men",discipline
"Sculpturing, Medals And Plaques, Open",discipline
"Sculpturing, Reliefs, Open",discipline
"Small-Bore Rifle, Prone, 50 and 100 yards, Men",discipline
"Small-Bore Rifle, Disappearing Target, 25 yards, Men",discipline
"Small-Bore Rifle, Moving Target, 25 yards, Men",discipline
"Team Cross, Mixed",discipline
"Closest landing to target (#3), Final stop, Open",discipline
"Closest landing to target (#4), Self-selected target, Open",discipline
"Canadian Singles, Slalom, Women",discipline
"Literature, Epic Works, Open",discipline
"1 mile, Motorcycle, Men",discipline
"Omnium, Women",discipline
"Driving Contest, Men",discipline
"110 metres Hurdles, Handicap, Men",discipline
"Festival for Societies of the Seine, Individual (#2), Men",discipline
"Canadian Singles, 10,000 metres, Men",discipline
"7 metres, Open",discipline
"2-3 Ton, Open",discipline
"Light-Heavyweight, Freestyle, Women",discipline
"Double Columbia Round, Women",discipline
"Team Round, Women",discipline
"Maneuvering, International, Professional Firefighters, Men",discipline
"Shot Put, Handicap, Men",discipline
"Literature, Dramatic Works, Open",discipline
"Parallel Slalom, Men",discipline
"Kumite, >61 kg, Women",discipline
"Javelin Throw, Freestyle, Men",discipline
"Singles, Professionals, Men",discipline
"Doubles, Professionals, Handicap, Men",discipline
"Stone Throw, Men",discipline
"Baseball Throw, Men",discipline
"Shiai - Red-White, Open",discipline
"Middleweight B, Greco-Roman, Men",discipline
"500 metres Time Trial, Women",discipline
"Standing Triple Jump, Men",discipline
"All-Around Championship, Men",discipline
"Literature, Lyric Works, Open",discipline
"Monobob, Women",discipline
"120 yards Hurdles, Boys",discipline
"4,000 metres Steeplechase, Men",discipline
"1,500 metres, Handicap, Men",discipline
"Air Pistol, 10 metres, Team, Mixed",discipline
"Taijiquan & Taijijuan, Men",discipline
"Sanshou (≤60 kilograms), Women",discipline
"Preparatory Military Training, Group B, Men",discipline
"Free Exercise, Group B, Men",discipline
"3,000 m, Men",discipline
"Foil, Individual, Open",discipline
"12 foot, Open",discipline
"500 metres Freestyle, Men",discipline
"⅓ mile, Men",discipline
"2 miles, Men",discipline
"½ mile, Handicap, Men",discipline
"Shiai - East-West, Open",discipline
"Finweight, Women",discipline
"Singles, Two Balls, Handicap, Men",discipline
"Jianshu & Qiangshu, Men",discipline
"Eights, Boys",discipline
"Hammer Throw, Boys",discipline
"Coxless Fours, Outriggers, Men",discipline
"B-Class (Under 60 feet), Open",discipline
"C-Class, Open",discipline
"3,000 metres Race Walk, Men",discipline
"0-½ Ton, Open",discipline
"Running Target, 50 metres, Men",discipline
"25 kilometres, Men",discipline
"Hacks and Hunter Combined, Open",discipline
"Discus Throw, Boys",discipline
"Savate, Men",discipline
"Partie à enlever, Men",discipline
"High Jump, Handicap, Men",discipline
"Dog Sled Racing, Open",discipline
"Kaatsen, Men",discipline
"1,600 metres Medley Relay, Men",discipline
"26th Federal Festival, Society and Association Contests, Non-Simultaneous, National Championships, Men",discipline
"Shortboard, Women",discipline
"Jeu de berges, Quartets, Men",discipline
"Taijiquan & Taijijuan, Women",discipline
"400 metres, Professionals, Men",discipline
"1,500 metres, Professionals, Men",discipline
"110 metres Hurdles, Professionals, Men",discipline
"2,500 metres Steeplechase, Professionals, Men",discipline
"Coxless Pairs, Intermediate, Men",discipline
"Two-Man Teams With Cesta, Professional, Men",discipline
"Ballet, Men",discipline
"440 yards Breaststroke, Men",discipline
"Coxless Fours, Intermediate, Men",discipline
"Festival for Societies of the Seine, Swimming, Individual, Men",discipline
"100 metres Freestyle For Sailors, Men",discipline
"Target Archery, 28 metres, Individual, Men",discipline
"Team Pursuit, 1,980 yards, Men",discipline
"Best photograph, All events, Open",discipline
"Shortboard, Men",discipline
"Single Sculls, Association, Men",discipline
"Free Pistol, 30 metres, Men",discipline
"Long Jump, Open",discipline
"High Jump, Open",discipline
"1,200 metres Freestyle, Men",discipline
"440 yards, Men",discipline
"Giant Slalom, LW5/7, Men",discipline
"Nanquan & Nandao, Women",discipline
"Giant Slalom, LW2, Men",discipline
"25 kilometres Motor-paced, Professionals, Men",discipline
"50 yards, Boys",discipline
"Parallel Bars, Teams, Men",discipline
"Horizontal Bar, Teams, Men",discipline
"¼ mile, Men",discipline
"Club Swinging, Men",discipline
"All-Around Dumbbell Contest, Men",discipline
"2 miles, Boys",discipline
"20+ Ton, Open",discipline
"200 metres Team Swimming, Men",discipline
"1,500 metres Freestyle, Women",discipline
"Hammer Throw, Handicap, Men",discipline
"56-pound Weight Throw, Handicap, Men",discipline
"Kata, Women",discipline
"Festival for Societies of the Seine, Individual, Men",discipline
"Speed, 10-15 m, Men",discipline
"Military Rifle, Kneeling Or Standing, 300 metres, Men",discipline
"120 yards Hurdles, Handicap, Men",discipline
"Underwater Swimming, Men",discipline
"Speed, 8-10 m, Men",discipline
"Enduance, 8-10 m, Men",discipline
"Unlimited, One Hand, Men",discipline
"Glíma, Men",discipline
"Flight Shooting, Men",discipline
"2,500 metres Steeplechase, Handicap, Men",discipline
"Unlimited Class, Greco-Roman, Men",discipline
"400 metres, Handicap, Men",discipline
"Giant Slalom, LW4, Men",discipline
"Kumite, ≤75 kg, Men",discipline
"Kata, Men",discipline
"Changquan, Women",discipline
"Festival for Societies of the Seine, Olympic Competition, Individual, Men",discipline
"5,000 metres, Professionals, Men",discipline
"Individual, Professional, Men",discipline
"Small-Bore Rifle, 50 and 100 yards, Team, Men",discipline
"5 miles, Boys",discipline
"Kumite, ≤61 kg, Women",discipline
"100 metres, Handicap, Men",discipline
"Bantamweight, Women",discipline
"6.5 metres, Open",discipline
"Normal Hill, Team, Mixed",discipline
"Jianshu & Qiangshu, Women",discipline
"40 metres², Open",discipline
"Paris-Toulouse-Paris, Voiturettes, Men",discipline
"Long Jump, Professionals, Men",discipline
"Ski Joring, Men",discipline
"Crossbows, Small Arrows - 20 metres, Individual, Men",discipline
"Crossbows, French Championship, Men",discipline
"Embusen, Open",discipline
"Military Pistol, 30 metres, Men",discipline
"Preparatory Military Training, Group C, Men",discipline
"Free Exercise, Group C, Men",discipline
"Single Pleasure Boat, Men",discipline
"Rapid Removal of a Manikin from Middle Distance, Men",discipline
"Rapid Removal of a Manikin from Long Distance, Men",discipline
"Giant Slalom, LW6/8, Men",discipline
"56-pound Weight Throw, Boys",discipline
"1 mile, Handicap, Professionals, Men",discipline
"Tumbling, Men",discipline
"220 yards Hurdles, Handicap, Men",discipline
"30 metres², Open",discipline
"Mano, Singles, Men",discipline
"Kites (medium), Open",discipline
"Kites (small), Open",discipline
"Longest distance travelled (#1), Handicap, Open",discipline
"Sculling, Amateurs, Men",discipline
"Kayak Fours, 800 metres, Men",discipline
"Canadian Doubles, 800 metres, Men",discipline
"Canadian Fours, 800 metres, Men",discipline
"Au Chapelet, 33 metres, Men",discipline
"Au Chapelet, 50 metres, Men",discipline
"Au Cordon Doré, 33 metres, Men",discipline
"Au Cordon Doré, 50 metres, Men",discipline
"Championnat Du Monde, Men",discipline
"Target Archery, 33 metres, Individual, Men",discipline
"Target Archery, 50 metres, Individual, Men",discipline
"Single Sculls, Intermediate, Men",discipline
"26th Federal Festival, Society and Association Contests, Non-Simultaneous, Shooting Championships, Honorary Members and Associates, Women",discipline
"Pole Vault, Boys",discipline
"French Championship, Individual, Men",discipline
"100 metres, Professionals, Men",discipline
"333⅓ metres Time Trial, Men",discipline
"5,000 metres, Team, Men",discipline
"Balloon inflation, Open",discipline
"Ascension report, Single ascent, Open",discipline
"220 yards Hurdles, Men",discipline
"Épée, Masters and Amateurs, Individual, Men",discipline
"Ball Throw for Accuracy, Men",discipline
"Putting Contest, Men",discipline
"Australian Team Pursuit, Professionals, Men",discipline
"1,500 metres, Professionals, Handicap, Men",discipline
"1 mile, Novice, Men",discipline
"Unknown Event, Open",discipline
"2,590 metres Steeplechase, Men",discipline
"Cesta Punta, Triples, Men",discipline
"220 yards, Men",discipline
"A-Class (Open), Open",discipline
"Singles, Boys",discipline
"Single Sticks, Individual, Men",discipline
"Kayak Singles, 800 metres, Men",discipline
"Kayak Doubles, 800 metres, Men",discipline
"60 yards, Handicap, Men",discipline
"Muzzle-Loading Pistol, 25 metres, Men",discipline
"Unknown Event, Men",discipline
"Festival for Societies of the Seine, Artistic, Individual, Men",discipline
"Mano, Triples, Men",discipline
"Flight Shooting, Women",discipline
"High Jump, Professionals, Handicap, Men",discipline
"Long Jump, Professionals, Handicap, Men",discipline
"26th Federal Festival, Society and Association Contests, Non-Simultaneous, Shooting Championships, Honorary Members and Associates, Men",discipline
"Canne de combat, Men",discipline
"Daoshu & Gunshu, Women",discipline
"Retrieval by Hook, Men",discipline
"Festival for Societies of the Seine, Instructors, Men",discipline
"Foil, Individual, Boys",discipline
"High Jump, Professionals, Men",discipline
"Shot Put, Professionals, Men",discipline
"Shot Put, Professionals, Handicap, Men",discipline
"Kites (large), Open",discipline
"Special Scratch Pole Vault #2, Men",discipline
"Festival for Societies of the Seine, Advanced, Men",discipline
"Music, Unknown Event, Open",discipline
"Two-Man Teams With Cesta, Men",discipline
"Best photograph, 9 September event, Open",discipline
"300 metres with Current Rise of 50 metres with Manikin, Men",discipline
"200 metres in Swim Outfit with Current Rise of 50 metres with Manikin, Men",discipline
"Festival for Societies of the Seine, Swimming, students, individuals, societies, Men",discipline
"Crossbows, Arrows - 28 metres, Individual, Men",discipline
"Endurance 10-15 m, Men",discipline
"Aeronautics, Open",discipline
"Crossbows, Large Arrows - 35 metres, Individual, Men",discipline
"Special Scratch Pole Vault #1, Men",discipline
"1 mile, Team, Handicap, Men",discipline
"Canadian Singles, 800 metres, Men",discipline
"18 foot, Open",discipline
"Lightweight Coxless Pairs, Mixed",discipline
"Speed, 6.5-8 m, Men",discipline
