edition_id,edition,year,city,country_flag_url,start_date,end_date,competition_date,label
1e,1896 Summer Olympics,1896,Athina,https://olympedia-flags.s3.eu-central-1.amazonaws.com/GRE.png, 6 April,15 April,6 – 13 April,edition
2e,1900 Summer Olympics,1900,Paris,https://olympedia-flags.s3.eu-central-1.amazonaws.com/FRA.png,,,14 May – 28 October,edition
3e,1904 Summer Olympics,1904,St. Louis,https://olympedia-flags.s3.eu-central-1.amazonaws.com/USA.png,14 May,, 1 July – 26 November,edition
5e,1908 Summer Olympics,1908,London,https://olympedia-flags.s3.eu-central-1.amazonaws.com/GBR.png,13 July,25 July,27 April – 31 October,edition
6e,1912 Summer Olympics,1912,Stockholm,https://olympedia-flags.s3.eu-central-1.amazonaws.com/SWE.png, 6 July,15 July, 5 May – 27 July,edition
50e,1916 Summer Olympics,1916,Berlin,https://olympedia-flags.s3.eu-central-1.amazonaws.com/GER.png,,,—,edition
7e,1920 Summer Olympics,1920,Antwerpen,https://olympedia-flags.s3.eu-central-1.amazonaws.com/BEL.png,14 August,30 August,23 April – 12 September,edition
8e,1924 Summer Olympics,1924,Paris,https://olympedia-flags.s3.eu-central-1.amazonaws.com/FRA.png, 5 July,27 July, 4 May – 27 July,edition
9e,1928 Summer Olympics,1928,Amsterdam,https://olympedia-flags.s3.eu-central-1.amazonaws.com/NED.png,28 July,12 August,17 May – 12 August,edition
10e,1932 Summer Olympics,1932,Los Angeles,https://olympedia-flags.s3.eu-central-1.amazonaws.com/USA.png,30 July,14 August,30 July – 14 August,edition
11e,1936 Summer Olympics,1936,Berlin,https://olympedia-flags.s3.eu-central-1.amazonaws.com/GER.png, 1 August,16 August,1 – 16 August,edition
51e,1940 Summer Olympics,1940,Helsinki,https://olympedia-flags.s3.eu-central-1.amazonaws.com/FIN.png,,,—,edition
52e,1944 Summer Olympics,1944,London,https://olympedia-flags.s3.eu-central-1.amazonaws.com/GBR.png,,,—,edition
12e,1948 Summer Olympics,1948,London,https://olympedia-flags.s3.eu-central-1.amazonaws.com/GBR.png,29 July,14 August,26 July – 14 August,edition
13e,1952 Summer Olympics,1952,Helsinki,https://olympedia-flags.s3.eu-central-1.amazonaws.com/FIN.png,19 July, 3 August,14 July –  3 August,edition
14e,1956 Summer Olympics,1956,Melbourne,https://olympedia-flags.s3.eu-central-1.amazonaws.com/AUS.png,22 November, 8 December,22 November –  8 December,edition
15e,1960 Summer Olympics,1960,Roma,https://olympedia-flags.s3.eu-central-1.amazonaws.com/ITA.png,25 August,11 September,25 August – 11 September,edition
16e,1964 Summer Olympics,1964,Tokyo,https://olympedia-flags.s3.eu-central-1.amazonaws.com/JPN.png,10 October,24 October,11 – 24 October,edition
17e,1968 Summer Olympics,1968,Ciudad de México,https://olympedia-flags.s3.eu-central-1.amazonaws.com/MEX.png,12 October,27 October,12 – 27 October,edition
18e,1972 Summer Olympics,1972,München,https://olympedia-flags.s3.eu-central-1.amazonaws.com/FRG.png,26 August,11 September,26 August – 11 September,edition
19e,1976 Summer Olympics,1976,Montréal,https://olympedia-flags.s3.eu-central-1.amazonaws.com/CAN.png,17 July, 1 August,18 July –  1 August,edition
20e,1980 Summer Olympics,1980,Moskva,https://olympedia-flags.s3.eu-central-1.amazonaws.com/URS.png,19 July, 3 August,20 July –  3 August,edition
21e,1984 Summer Olympics,1984,Los Angeles,https://olympedia-flags.s3.eu-central-1.amazonaws.com/USA.png,28 July,12 August, 6 July – 12 August,edition
22e,1988 Summer Olympics,1988,Seoul,https://olympedia-flags.s3.eu-central-1.amazonaws.com/KOR.png,17 September, 2 October,17 September –  2 October,edition
23e,1992 Summer Olympics,1992,Barcelona,https://olympedia-flags.s3.eu-central-1.amazonaws.com/ESP.png,25 July, 9 August,24 July –  9 August,edition
24e,1996 Summer Olympics,1996,Atlanta,https://olympedia-flags.s3.eu-central-1.amazonaws.com/USA.png,19 July, 4 August,20 July –  4 August,edition
25e,2000 Summer Olympics,2000,Sydney,https://olympedia-flags.s3.eu-central-1.amazonaws.com/AUS.png,15 September, 1 October,13 September –  1 October,edition
26e,2004 Summer Olympics,2004,Athina,https://olympedia-flags.s3.eu-central-1.amazonaws.com/GRE.png,13 August,29 August,11 – 29 August,edition
53e,2008 Summer Olympics,2008,Beijing,https://olympedia-flags.s3.eu-central-1.amazonaws.com/CHN.png, 8 August,24 August,6 – 24 August,edition
54e,2012 Summer Olympics,2012,London,https://olympedia-flags.s3.eu-central-1.amazonaws.com/GBR.png,27 July,12 August,25 July – 12 August,edition
59e,2016 Summer Olympics,2016,Rio de Janeiro,https://olympedia-flags.s3.eu-central-1.amazonaws.com/BRA.png, 5 August,21 August,3 – 21 August,edition
61e,2020 Summer Olympics,2020,Tokyo,https://olympedia-flags.s3.eu-central-1.amazonaws.com/JPN.png,23 July 2021, 8 August 2021,21 July –  8 August 2021,edition
63e,2024 Summer Olympics,2024,Paris,https://olympedia-flags.s3.eu-central-1.amazonaws.com/FRA.png,,,—,edition
64e,2028 Summer Olympics,2028,Los Angeles,https://olympedia-flags.s3.eu-central-1.amazonaws.com/USA.png,,,—,edition
372e,2032 Summer Olympics,2032,Brisbane,https://olympedia-flags.s3.eu-central-1.amazonaws.com/AUS.png,,,—,edition
29e,1924 Winter Olympics,1924,Chamonix,https://olympedia-flags.s3.eu-central-1.amazonaws.com/FRA.png,24 January, 5 February,26 January –  4 February,edition
30e,1928 Winter Olympics,1928,Sankt Moritz,https://olympedia-flags.s3.eu-central-1.amazonaws.com/SUI.png,11 February,17 February,11 – 19 February,edition
31e,1932 Winter Olympics,1932,Lake Placid,https://olympedia-flags.s3.eu-central-1.amazonaws.com/USA.png, 4 February,13 February,4 – 15 February,edition
32e,1936 Winter Olympics,1936,Garmisch-Partenkirchen,https://olympedia-flags.s3.eu-central-1.amazonaws.com/GER.png, 6 February,16 February,6 – 16 February,edition
55e,1940 Winter Olympics,1940,Garmisch-Partenkirchen,https://olympedia-flags.s3.eu-central-1.amazonaws.com/GER.png,,,—,edition
56e,1944 Winter Olympics,1944,Cortina d'Ampezzo,https://olympedia-flags.s3.eu-central-1.amazonaws.com/ITA.png,,,—,edition
33e,1948 Winter Olympics,1948,Sankt Moritz,https://olympedia-flags.s3.eu-central-1.amazonaws.com/SUI.png,30 January, 8 February,30 January –  8 February,edition
34e,1952 Winter Olympics,1952,Oslo,https://olympedia-flags.s3.eu-central-1.amazonaws.com/NOR.png,15 February,25 February,14 – 25 February,edition
35e,1956 Winter Olympics,1956,Cortina d'Ampezzo,https://olympedia-flags.s3.eu-central-1.amazonaws.com/ITA.png,26 January, 5 February,26 January –  5 February,edition
36e,1960 Winter Olympics,1960,Squaw Valley,https://olympedia-flags.s3.eu-central-1.amazonaws.com/USA.png,18 February,28 February,19 – 28 February,edition
37e,1964 Winter Olympics,1964,Innsbruck,https://olympedia-flags.s3.eu-central-1.amazonaws.com/AUT.png,29 January, 9 February,27 January –  9 February,edition
38e,1968 Winter Olympics,1968,Grenoble,https://olympedia-flags.s3.eu-central-1.amazonaws.com/FRA.png, 6 February,18 February,4 – 18 February,edition
39e,1972 Winter Olympics,1972,Sapporo,https://olympedia-flags.s3.eu-central-1.amazonaws.com/JPN.png, 3 February,13 February,3 – 13 February,edition
40e,1976 Winter Olympics,1976,Innsbruck,https://olympedia-flags.s3.eu-central-1.amazonaws.com/AUT.png, 4 February,15 February,3 – 15 February,edition
41e,1980 Winter Olympics,1980,Lake Placid,https://olympedia-flags.s3.eu-central-1.amazonaws.com/USA.png,13 February,24 February,12 – 24 February,edition
42e,1984 Winter Olympics,1984,Sarajevo,https://olympedia-flags.s3.eu-central-1.amazonaws.com/YUG.png, 8 February,19 February,7 – 19 February,edition
43e,1988 Winter Olympics,1988,Calgary,https://olympedia-flags.s3.eu-central-1.amazonaws.com/CAN.png,13 February,28 February,13 – 28 February,edition
44e,1992 Winter Olympics,1992,Albertville,https://olympedia-flags.s3.eu-central-1.amazonaws.com/FRA.png, 8 February,23 February,8 – 23 February,edition
45e,1994 Winter Olympics,1994,Lillehammer,https://olympedia-flags.s3.eu-central-1.amazonaws.com/NOR.png,12 February,27 February,12 – 27 February,edition
46e,1998 Winter Olympics,1998,Nagano,https://olympedia-flags.s3.eu-central-1.amazonaws.com/JPN.png, 7 February,22 February,7 – 22 February,edition
47e,2002 Winter Olympics,2002,Salt Lake City,https://olympedia-flags.s3.eu-central-1.amazonaws.com/USA.png, 8 February,24 February,9 – 24 February,edition
49e,2006 Winter Olympics,2006,Torino,https://olympedia-flags.s3.eu-central-1.amazonaws.com/ITA.png,10 February,26 February,11 – 26 February,edition
57e,2010 Winter Olympics,2010,Vancouver,https://olympedia-flags.s3.eu-central-1.amazonaws.com/CAN.png,12 February,28 February,12 – 28 February,edition
58e,2014 Winter Olympics,2014,Sochi,https://olympedia-flags.s3.eu-central-1.amazonaws.com/RUS.png, 7 February,23 February,6 – 23 February,edition
60e,2018 Winter Olympics,2018,PyeongChang,https://olympedia-flags.s3.eu-central-1.amazonaws.com/KOR.png, 9 February,25 February,8 – 25 February,edition
62e,2022 Winter Olympics,2022,Beijing,https://olympedia-flags.s3.eu-central-1.amazonaws.com/CHN.png, 4 February,20 February,2 – 20 February,edition
72e,2026 Winter Olympics,2026,Milano-Cortina d'Ampezzo,https://olympedia-flags.s3.eu-central-1.amazonaws.com/ITA.png, 6 February,22 February,4 – 22 February,edition
48e,1956 Equestrian,1956,Stockholm,https://olympedia-flags.s3.eu-central-1.amazonaws.com/SWE.png,10 June,17 June,11 – 17 June,edition
4e,1906 Intercalated,1906,Athina,https://olympedia-flags.s3.eu-central-1.amazonaws.com/GRE.png,22 April, 2 May,22 April –  2 May,edition
