country_noc,country,label
AFG,Afghanistan,pays
ALB,Albania,pays
ALG,Algeria,pays
ASA,American Samoa,pays
AND,Andorra,pays
ANG,Angola,pays
ANT,Antigua and Barbuda,pays
ARG,Argentina,pays
ARM,Armenia,pays
ARU,Aruba,pays
ANZ,Australasia,pays
AUS,Australia,pays
AUT,Austria,pays
AZE,Azerbaijan,pays
BRN,Bahrain,pays
BAN,Bangladesh,pays
BAR,Barbados,pays
BLR,Belarus,pays
BEL,Belgium,pays
BIZ,Belize,pays
BEN,Benin,pays
BER,Bermuda,pays
BHU,Bhutan,pays
BOH,Bohemia,pays
BOL,Bolivia,pays
BIH,Bosnia and Herzegovina,pays
BOT,Botswana,pays
BRA,Brazil,pays
IVB,British Virgin Islands,pays
BRU,Brunei Darussalam,pays
BUL,Bulgaria,pays
BUR,Burkina Faso,pays
BDI,Burundi,pays
CPV,Cabo Verde,pays
CAM,Cambodia,pays
CMR,Cameroon,pays
CAN,Canada,pays
CAY,Cayman Islands,pays
CAF,Central African Republic,pays
CHA,Chad,pays
CHI,Chile,pays
TPE,Chinese Taipei,pays
COL,Colombia,pays
COM,Comoros,pays
CGO,Congo,pays
COK,Cook Islands,pays
CRC,Costa Rica,pays
CIV,Côte d'Ivoire,pays
CRT,Crete,pays
CRO,Croatia,pays
CUB,Cuba,pays
CYP,Cyprus,pays
CZE,Czechia,pays
TCH,Czechoslovakia,pays
PRK,Democratic People's Republic of Korea,pays
COD,Democratic Republic of the Congo,pays
DEN,Denmark,pays
DJI,Djibouti,pays
DMA,Dominica,pays
DOM,Dominican Republic,pays
GDR,East Germany,pays
ECU,Ecuador,pays
EGY,Egypt,pays
ESA,El Salvador,pays
GEQ,Equatorial Guinea,pays
ERI,Eritrea,pays
EST,Estonia,pays
SWZ,Eswatini,pays
ETH,Ethiopia,pays
FSM,Federated States of Micronesia,pays
FIJ,Fiji,pays
FIN,Finland,pays
FRA,France,pays
GAB,Gabon,pays
GEO,Georgia,pays
GER,Germany,pays
GHA,Ghana,pays
GBR,Great Britain,pays
GRE,Greece,pays
GRN,Grenada,pays
GUM,Guam,pays
GUA,Guatemala,pays
GUI,Guinea,pays
GBS,Guinea Bissau,pays
GUY,Guyana,pays
HAI,Haiti,pays
HON,Honduras,pays
HKG,"Hong Kong, China",pays
HUN,Hungary,pays
ISL,Iceland,pays
IOA,Independent Olympic Athletes,pays
IND,India,pays
AIN,Individual Neutral Athletes,pays
INA,Indonesia,pays
IRQ,Iraq,pays
IRL,Ireland,pays
IRI,Islamic Republic of Iran,pays
ISR,Israel,pays
ITA,Italy,pays
JAM,Jamaica,pays
JPN,Japan,pays
JOR,Jordan,pays
KAZ,Kazakhstan,pays
KEN,Kenya,pays
KSA,Kingdom of Saudi Arabia,pays
KIR,Kiribati,pays
COR,Korea Team,pays
KOS,Kosovo,pays
KUW,Kuwait,pays
KGZ,Kyrgyzstan,pays
LAO,Lao People's Democratic Republic,pays
LAT,Latvia,pays
LBN,Lebanon,pays
LES,Lesotho,pays
LBR,Liberia,pays
LBA,Libya,pays
LIE,Liechtenstein,pays
LTU,Lithuania,pays
LUX,Luxembourg,pays
MAD,Madagascar,pays
MAW,Malawi,pays
MAL,Malaya,pays
MAS,Malaysia,pays
MDV,Maldives,pays
MLI,Mali,pays
MLT,Malta,pays
MHL,Marshall Islands,pays
MTN,Mauritania,pays
MRI,Mauritius,pays
MEX,Mexico,pays
MIX,Mixed team,pays
MON,Monaco,pays
MGL,Mongolia,pays
MNE,Montenegro,pays
MAR,Morocco,pays
MOZ,Mozambique,pays
MYA,Myanmar,pays
NAM,Namibia,pays
NRU,Nauru,pays
NEP,Nepal,pays
NED,Netherlands,pays
AHO,Netherlands Antilles,pays
NZL,New Zealand,pays
NFL,Newfoundland,pays
NCA,Nicaragua,pays
NIG,Niger,pays
NGR,Nigeria,pays
NBO,North Borneo,pays
MKD,North Macedonia,pays
YAR,North Yemen,pays
NOR,Norway,pays
OMA,Oman,pays
PAK,Pakistan,pays
PLW,Palau,pays
PLE,Palestine,pays
PAN,Panama,pays
PNG,Papua New Guinea,pays
PAR,Paraguay,pays
CHN,People's Republic of China,pays
PER,Peru,pays
PHI,Philippines,pays
POL,Poland,pays
POR,Portugal,pays
PUR,Puerto Rico,pays
QAT,Qatar,pays
EOR,Refugee Olympic Team,pays
KOR,Republic of Korea,pays
MDA,Republic of Moldova,pays
RHO,Rhodesia,pays
ROU,Romania,pays
RUS,Russian Federation,pays
RWA,Rwanda,pays
SAA,Saar,pays
SKN,Saint Kitts and Nevis,pays
LCA,Saint Lucia,pays
VIN,Saint Vincent and the Grenadines,pays
SAM,Samoa,pays
SMR,San Marino,pays
STP,São Tomé and Príncipe,pays
SEN,Senegal,pays
SRB,Serbia,pays
SCG,Serbia and Montenegro,pays
SEY,Seychelles,pays
SLE,Sierra Leone,pays
SGP,Singapore,pays
SVK,Slovakia,pays
SLO,Slovenia,pays
SOL,Solomon Islands,pays
SOM,Somalia,pays
RSA,South Africa,pays
SSD,South Sudan,pays
VNM,South Vietnam,pays
YMD,South Yemen,pays
URS,Soviet Union,pays
ESP,Spain,pays
SRI,Sri Lanka,pays
SUD,Sudan,pays
SUR,Suriname,pays
SWE,Sweden,pays
SUI,Switzerland,pays
SYR,Syrian Arab Republic,pays
TJK,Tajikistan,pays
THA,Thailand,pays
BAH,The Bahamas,pays
GAM,The Gambia,pays
TLS,Timor-Leste,pays
TOG,Togo,pays
TGA,Tonga,pays
TTO,Trinidad and Tobago,pays
TUN,Tunisia,pays
TUR,Türkiye,pays
TKM,Turkmenistan,pays
TUV,Tuvalu,pays
UGA,Uganda,pays
UKR,Ukraine,pays
EUN,Unified Team,pays
UAE,United Arab Emirates,pays
UAR,United Arab Republic,pays
TAN,United Republic of Tanzania,pays
USA,United States,pays
ISV,United States Virgin Islands,pays
UNK,Unknown,pays
URU,Uruguay,pays
UZB,Uzbekistan,pays
VAN,Vanuatu,pays
VEN,Venezuela,pays
VIE,Vietnam,pays
FRG,West Germany,pays
WIF,West Indies Federation,pays
YEM,Yemen,pays
YUG,Yugoslavia,pays
ZAM,Zambia,pays
ZIM,Zimbabwe,pays
ROC,Russian Olympic Committee,pays
