sport,discipline,:TYPE
Athletics,"4 × 400 metres Relay, Women",Sedivise
Beach Volleyball,"Beach Volleyball, Women",Sedivise
Athletics,"10,000 metres, Men",Sedivise
Artistic Gymnastics,"Individual All-Around, Men",Sedivise
Artistic Gymnastics,"Team All-Around, Men",Sedivise
Artistic Gymnastics,"Floor Exercise, Men",Sedivise
Artistic Gymnastics,"Horse Vault, Men",Sedivise
Artistic Gymnastics,"Pommelled Horse, Men",Sedivise
Artistic Gymnastics,"Rope Climbing, Men",Sedivise
Swimming,"4 × 200 metres Freestyle Relay, Men",Sedivise
Swimming,"200 metres Breaststroke, Men",Sedivise
Diving,"Platform, Men",Sedivise
Diving,"Synchronized Platform, Men",Sedivise
Skeleton,"Skeleton, Women",Sedivise
Figure Skating,"Ice Dancing, Mixed",Sedivise
Water Polo,"Water Polo, Men",Sedivise
Fencing,"Foil, Individual, Men",Sedivise
Fencing,"Sabre, Individual, Men",Sedivise
Weightlifting,"Middleweight, Men",Sedivise
Cross Country Skiing,"5 kilometres, Women",Sedivise
Cross Country Skiing,"10 kilometres, Women",Sedivise
Cross Country Skiing,"4 × 5 kilometres Relay, Women",Sedivise
Swimming,"50 metres Freestyle, Men",Sedivise
Swimming,"100 metres Freestyle, Men",Sedivise
Swimming,"4 × 100 metres Freestyle Relay, Men",Sedivise
Swimming,"4 × 100 metres Medley Relay, Men",Sedivise
Cycling Mountain Bike,"Cross-Country, Women",Sedivise
Short Track Speed Skating,"500 metres, Men",Sedivise
Short Track Speed Skating,"1,000 metres, Men",Sedivise
Short Track Speed Skating,"1,500 metres, Men",Sedivise
Rowing,"Coxed Fours, Men",Sedivise
Fencing,"Épée, Team, Men",Sedivise
Ice Hockey,"Ice Hockey, Men",Sedivise
Tennis,"Singles, Men",Sedivise
Tennis,"Doubles, Men",Sedivise
Tennis,"Singles, Covered Courts, Men",Sedivise
Tennis,"Doubles, Covered Courts, Men",Sedivise
Tennis,"Doubles, Covered Courts, Mixed",Sedivise
Swimming,"100 metres Backstroke, Women",Sedivise
Shooting,"Small-Bore Rifle, Three Positions, 50 metres, Women",Sedivise
Rowing,"Coxless Fours, Men",Sedivise
Athletics,"Javelin Throw, Women",Sedivise
Tennis,"Singles, Women",Sedivise
Tennis,"Doubles, Women",Sedivise
Cross Country Skiing,"15 kilometres, Men",Sedivise
Cross Country Skiing,"4 × 10 kilometres Relay, Men",Sedivise
Football,"Football, Men",Sedivise
Athletics,"Marathon, Men",Sedivise
Volleyball,"Volleyball, Men",Sedivise
Fencing,"Foil, Team, Men",Sedivise
Sailing,"One Person Dinghy, Open",Sedivise
Sailing,"Three Person Keelboat, Open",Sedivise
Taekwondo,"Featherweight, Women",Sedivise
Alpine Skiing,"Giant Slalom, Men",Sedivise
Rowing,"Single Sculls, Men",Sedivise
Cross Country Skiing,"30 kilometres, Men",Sedivise
Cross Country Skiing,"50 kilometres, Men",Sedivise
Shooting,"Free Rifle, Any Position, 300 metres, Men",Sedivise
Shooting,"Military Rifle, 200 metres, Men",Sedivise
Shooting,"Free Pistol, 50 yards, Men",Sedivise
Shooting,"Free Pistol, 50 yards, Team, Men",Sedivise
Shooting,"Free Rifle, Three Positions, 300 metres, Team, Men",Sedivise
Shooting,"Military Rifle, 200/500/600/800/900/1,000 yards, Team, Men",Sedivise
Shooting,"Free Pistol, 50 metres, Men",Sedivise
Shooting,"Free Pistol, 50 metres, Team, Men",Sedivise
Shooting,"Dueling Pistol, 30 metres, Men",Sedivise
Shooting,"Dueling Pistol, 30 metres, Team, Men",Sedivise
Shooting,"Military Rifle, Three Positions, 300 metres, Men",Sedivise
Shooting,"Military Rifle, Any Position, 600 metres, Men",Sedivise
Shooting,"Military Rifle, 200, 400, 500 and 600 metres, Team, Men",Sedivise
Shooting,"Small-Bore Rifle, Any Position, 50 metres, Men",Sedivise
Shooting,"Small-Bore Rifle, Prone, 50 metres, Team, Men",Sedivise
Shooting,"Small-Bore Rifle, Disappearing Target, 25 metres, Men",Sedivise
Shooting,"Small-Bore Rifle, Disappearing Target, 25 metres, Team, Men",Sedivise
Shooting,"Running Target, Single Shot, Men",Sedivise
Shooting,"Military Pistol, Team, Men",Sedivise
Shooting,"Free Rifle, Three Positions, 300 metres, Men",Sedivise
Shooting,"Military Rifle, Prone, 300 metres, Team, Men",Sedivise
Shooting,"Military Rifle, Prone, 600 metres, Men",Sedivise
Shooting,"Military Rifle, Prone, 600 metres, Team, Men",Sedivise
Shooting,"Military Rifle, Standing, 300 metres, Team, Men",Sedivise
Shooting,"Military Rifle, Prone, 300 and 600 metres, Team, Men",Sedivise
Shooting,"Small-Bore Rifle, Standing, 50 metres, Men",Sedivise
Shooting,"Smal-Bore Rifle, Standing, 50 metres, Team, Men",Sedivise
Shooting,"Rapid-Fire Pistol, 25 metres, Men",Sedivise
Shooting,"Free Rifle, Prone, 600 metres, Men",Sedivise
Shooting,"Free Rifle, 400, 600 and 800 metres, Team, Men",Sedivise
Shooting,"Small-Bore Rifle, Prone, 50 metres, Men",Sedivise
Boxing,"Flyweight, Men",Sedivise
Boxing,"Bantamweight, Men",Sedivise
Athletics,"Long Jump, Women",Sedivise
Athletics,"1,500 metres, Men",Sedivise
Figure Skating,"Singles, Men",Sedivise
Figure Skating,"Team, Mixed",Sedivise
Wrestling,"Heavyweight, Greco-Roman, Men",Sedivise
Wrestling,"Super-Heavyweight, Greco-Roman, Men",Sedivise
Table Tennis,"Singles, Men",Sedivise
Table Tennis,"Doubles, Men",Sedivise
Athletics,"5,000 metres, Men",Sedivise
Cycling Track,"Team Pursuit, 4,000 metres, Men",Sedivise
Bobsleigh,"Two, Men",Sedivise
Bobsleigh,"Four, Men",Sedivise
Bobsleigh,"Four, Open",Sedivise
Rowing,"Coxed Fours, Women",Sedivise
Rowing,"Coxless Fours, Women",Sedivise
Art Competitions,"Painting, Paintings, Open",Sedivise
Boxing,"Light-Heavyweight, Men",Sedivise
Cycling Track,"Sprint, Men",Sedivise
Cycling Track,"5,000 metres, Men",Sedivise
Sailing,"Skiff, Men",Sedivise
Fencing,"Sabre, Team, Men",Sedivise
Basketball,"Basketball, Men",Sedivise
Military Ski Patrol,"Military Ski Patrol, Men",Sedivise
Boxing,"Lightweight, Men",Sedivise
Boxing,"Featherweight, Men",Sedivise
Athletics,"Hammer Throw, Women",Sedivise
Boxing,"Light-Welterweight, Men",Sedivise
Luge,"Singles, Women",Sedivise
Rowing,"Eights, Men",Sedivise
Cross Country Skiing,"30 kilometres, Women",Sedivise
Sailing,"Two Person Keelboat, Open",Sedivise
Hockey,"Hockey, Men",Sedivise
Equestrian Jumping,"Individual, Open",Sedivise
Equestrian Jumping,"Team, Open",Sedivise
Equestrian Eventing,"Individual, Open",Sedivise
Equestrian Eventing,"Team, Open",Sedivise
Judo,"Heavyweight, Men",Sedivise
Swimming,"100 metres Freestyle, Women",Sedivise
Swimming,"4 × 100 metres Freestyle Relay, Women",Sedivise
Swimming,"4 × 100 metres Medley Relay, Women",Sedivise
Swimming,"200 metres Backstroke, Women",Sedivise
Wrestling,"Lightweight, Greco-Roman, Men",Sedivise
Modern Pentathlon,"Individual, Women",Sedivise
Athletics,"Pole Vault, Men",Sedivise
Weightlifting,"Middle-Heavyweight, Men",Sedivise
Cycling Track,"Madison, Men",Sedivise
Cycling Track,"Omnium, Men",Sedivise
Handball,"Handball, Men",Sedivise
Athletics,"Triple Jump, Men",Sedivise
Fencing,"Épée, Individual, Men",Sedivise
Hockey,"Hockey, Women",Sedivise
Rowing,"Coxless Fours, Boys",Sedivise
Archery,"Individual, Women",Sedivise
Archery,"Team, Mixed",Sedivise
Swimming,"200 metres Freestyle, Men",Sedivise
Artistic Gymnastics,"Individual All-Around, Women",Sedivise
Artistic Gymnastics,"Team All-Around, Women",Sedivise
Artistic Gymnastics,"Floor Exercise, Women",Sedivise
Artistic Gymnastics,"Uneven Bars, Women",Sedivise
Artistic Gymnastics,"Balance Beam, Women",Sedivise
Alpine Skiing,"Downhill, Women",Sedivise
Alpine Skiing,"Super G, Women",Sedivise
Alpine Skiing,"Giant Slalom, Women",Sedivise
Alpine Skiing,"Slalom, Women",Sedivise
Alpine Skiing,"Combined, Women",Sedivise
Canoe Sprint,"Kayak Doubles, 1,000 metres, Men",Sedivise
Canoe Sprint,"Kayak Fours, 1,000 metres, Men",Sedivise
Wrestling,"Lightweight, Freestyle, Men",Sedivise
Rowing,"Single Sculls, Women",Sedivise
Wrestling,"Welterweight, Greco-Roman, Men",Sedivise
Swimming,"400 metres Freestyle, Women",Sedivise
Swimming,"800 metres Freestyle, Women",Sedivise
Rowing,"Coxed Pairs, Men",Sedivise
Shooting,"Small-Bore Rifle, Three Positions, 50 metres, Men",Sedivise
Shooting,"Small-Bore Rifle, Three Positions, 50 metres, Open",Sedivise
Shooting,"Small-Bore Rifle, Prone, 50 metres, Open",Sedivise
Athletics,"4 × 100 metres Relay, Men",Sedivise
Athletics,"4 × 400 metres Relay, Men",Sedivise
Athletics,"400 metres, Men",Sedivise
Artistic Gymnastics,"26th Federal Festival, Society and Association Contests, Non-Simultaneous, Shooting Championships, Youth, Men",Sedivise
Wrestling,"Bantamweight, Freestyle, Men",Sedivise
Biathlon,"10 kilometres Sprint, Men",Sedivise
Biathlon,"12.5 kilometres Pursuit, Men",Sedivise
Biathlon,"20 kilometres, Men",Sedivise
Biathlon,"4 × 7.5 kilometres Relay, Men",Sedivise
Biathlon,"2 × 6 kilometres and 2 × 7.5 kilometres Relay, Mixed",Sedivise
Rowing,"French Skiffs, Coxed Pairs, Men",Sedivise
Athletics,"100 metres, Women",Sedivise
Athletics,"4 × 100 metres Relay, Women",Sedivise
Athletics,"100 metres, Men",Sedivise
Luge,"Singles, Men",Sedivise
Shooting,"Air Rifle, 10 metres, Women",Sedivise
Rowing,"Coxless Pairs, Men",Sedivise
Triathlon,"Olympic Distance, Men",Sedivise
Judo,"Middleweight, Men",Sedivise
Athletics,"400 metres Hurdles, Men",Sedivise
Athletics,"Long Jump, Men",Sedivise
Artistic Gymnastics,"Parallel Bars, Men",Sedivise
Artistic Gymnastics,"Horizontal Bar, Men",Sedivise
Artistic Gymnastics,"Rings, Men",Sedivise
Biathlon,"15 kilometres, Women",Sedivise
Biathlon,"4 × 6 kilometres Relay, Women",Sedivise
Canoe Sprint,"Canadian Doubles, 1,000 metres, Men",Sedivise
Tug-Of-War,"Tug-Of-War, Men",Sedivise
Athletics,"High Jump, Men",Sedivise
Swimming,"50 metres Freestyle, Women",Sedivise
Weightlifting,"Featherweight, Men",Sedivise
Ice Hockey,"Ice Hockey, Women",Sedivise
Artistic Swimming,"Team, Women",Sedivise
Artistic Swimming,"Duet, Women",Sedivise
Freestyle Skiing,"Moguls, Women",Sedivise
Shooting,"Trap, Men",Sedivise
Shooting,"Trap, Open",Sedivise
Alpine Skiing,"Downhill, Men",Sedivise
Alpine Skiing,"Super G, Men",Sedivise
Alpine Skiing,"Slalom, Men",Sedivise
Alpine Skiing,"Combined, Men",Sedivise
Triathlon,"Olympic Distance, Women",Sedivise
Swimming,"200 metres Individual Medley, Women",Sedivise
Swimming,"400 metres Individual Medley, Women",Sedivise
Archery,"Individual, Men",Sedivise
Archery,"Team, Men",Sedivise
Figure Skating,"Pairs, Mixed",Sedivise
Athletics,"Discus Throw, Men",Sedivise
Volleyball,"Volleyball, Women",Sedivise
Sailing,"Windsurfer, Women",Sedivise
Wrestling,"Featherweight, Greco-Roman, Men",Sedivise
Trampolining,"Individual, Women",Sedivise
American Football,"American Football, Men",Sedivise
Weightlifting,"Lightweight, Men",Sedivise
Wrestling,"Heavyweight, Freestyle, Men",Sedivise
Wrestling,"Light-Heavyweight, Greco-Roman, Men",Sedivise
Athletics,"Discus Throw, Women",Sedivise
Athletics,"Shot Put, Men",Sedivise
Artistic Swimming,"Solo, Women",Sedivise
Judo,"Half-Heavyweight, Men",Sedivise
Judo,"Open Class, Men",Sedivise
Baseball,"Baseball, Men",Sedivise
Freestyle Skiing,"Aerials, Women",Sedivise
Artistic Gymnastics,"Individual All-Around, Field Sports, Men",Sedivise
Artistic Gymnastics,"Individual All-Around, 4 Events, Men",Sedivise
Artistic Gymnastics,"Individual All-Around, Apparatus Work, Men",Sedivise
Artistic Gymnastics,"Side Horse, Men",Sedivise
Cycling Mountain Bike,"Cross-Country, Men",Sedivise
Diving,"Springboard, Men",Sedivise
Weightlifting,"Unlimited, Two Hands, Men",Sedivise
Rowing,"Quadruple Sculls, Men",Sedivise
Athletics,"3,000 metres Steeplechase, Men",Sedivise
Athletics,"High Jump, Women",Sedivise
Athletics,"Standing High Jump, Men",Sedivise
Marathon Swimming,"10 kilometres Open Water, Women",Sedivise
Swimming,"200 metres Breaststroke, Women",Sedivise
Handball,"Handball, Women",Sedivise
Judo,"Middleweight, Women",Sedivise
Boxing,"Super-Heavyweight, Men",Sedivise
Karate,"Kumite, ≤55 kg, Women",Sedivise
Rugby Sevens,"Rugby Sevens, Men",Sedivise
Rugby Sevens,"Rugby Sevens, Women",Sedivise
Judo,"Half-Heavyweight, Women",Sedivise
Short Track Speed Skating,"500 metres, Women",Sedivise
Short Track Speed Skating,"3,000 metres Relay, Women",Sedivise
Short Track Speed Skating,"1,000 metres, Women",Sedivise
Short Track Speed Skating,"1,500 metres, Women",Sedivise
Judo,"Half-Lightweight, Women",Sedivise
Athletics,"3,000 metres Steeplechase, Women",Sedivise
Weightlifting,"Flyweight, Men",Sedivise
Artistic Gymnastics,"Horse Vault, Women",Sedivise
Cycling Road,"Road Race, Individual, Men",Sedivise
Cycling Road,"100 kilometres Team Time Trial, Men",Sedivise
Athletics,"100 metres Hurdles, Women",Sedivise
Swimming,"400 metres Freestyle, Men",Sedivise
Swimming,"1,500 metres Freestyle, Men",Sedivise
Golf,"Individual, Women",Sedivise
Art Competitions,"Painting, Unknown Event, Open",Sedivise
Athletics,"10 kilometres Race Walk, Men",Sedivise
Weightlifting,"Light-Heavyweight, Men",Sedivise
Athletics,"200 metres, Men",Sedivise
Wrestling,"Flyweight, Freestyle, Men",Sedivise
Basketball,"Basketball, Women",Sedivise
Sailing,"Multihull, Open",Sedivise
Canoe Sprint,"Kayak Doubles, 500 metres, Men",Sedivise
Rowing,"Lightweight Double Sculls, Men",Sedivise
Freestyle Skiing,"Ski Cross, Women",Sedivise
Shooting,"Skeet, Open",Sedivise
Weightlifting,"Heavyweight, Women",Sedivise
Canoe Sprint,"Kayak Singles, 500 metres, Women",Sedivise
Swimming,"4 × 200 metres Freestyle Relay, Women",Sedivise
Cross Country Skiing,"18 kilometres, Men",Sedivise
Karate,"Kumite, >75 kg, Men",Sedivise
Speed Skating,"1,500 metres, Women",Sedivise
Speed Skating,"3,000 metres, Women",Sedivise
Athletics,"50 kilometres Race Walk, Men",Sedivise
Swimming,"100 metres Breaststroke, Men",Sedivise
Table Tennis,"Team, Men",Sedivise
Table Tennis,"Doubles, Mixed",Sedivise
Speed Skating,"500 metres, Men",Sedivise
Speed Skating,"1,500 metres, Men",Sedivise
Canoe Sprint,"Kayak Doubles, 500 metres, Women",Sedivise
Canoe Sprint,"Kayak Fours, 500 metres, Women",Sedivise
Sailing,"Two Person Dinghy, Men",Sedivise
Judo,"Half-Middleweight, Men",Sedivise
Art Competitions,"Sculpturing, Open",Sedivise
Wrestling,"Light-Flyweight, Freestyle, Men",Sedivise
Athletics,"Triple Jump, Women",Sedivise
Judo,"Extra-Lightweight, Men",Sedivise
Swimming,"200 metres Freestyle, Women",Sedivise
Weightlifting,"Bantamweight, Men",Sedivise
Luge,"Doubles, Open",Sedivise
Cycling Road,"Road Race, Individual, Women",Sedivise
Cycling Road,"Individual Time Trial, Women",Sedivise
Swimming,"100 metres Butterfly, Women",Sedivise
Canoe Sprint,"Canadian Doubles, 500 metres, Men",Sedivise
Equestrian Dressage,"Individual, Open",Sedivise
Equestrian Dressage,"Team, Open",Sedivise
Curling,"Curling, Women",Sedivise
Boxing,"Welterweight, Men",Sedivise
Weightlifting,"Heavyweight II, Men",Sedivise
Athletics,"10,000 metres, Women",Sedivise
Wrestling,"Light-Heavyweight, Freestyle, Men",Sedivise
Art Competitions,"Painting, Applied Arts, Open",Sedivise
Athletics,"800 metres, Men",Sedivise
Sailing,"Three Person Keelboat, Women",Sedivise
Football,"Football, Women",Sedivise
Athletics,"Decathlon, Men",Sedivise
Cross Country Skiing,"30 kilometres Skiathlon, Men",Sedivise
Modern Pentathlon,"Individual, Men",Sedivise
Boxing,"Heavyweight, Men",Sedivise
Cross Country Skiing,"Sprint, Women",Sedivise
Cross Country Skiing,"Team Sprint, Women",Sedivise
Rowing,"Double Sculls, Men",Sedivise
Ski Jumping,"Normal Hill, Individual, Men",Sedivise
Ski Jumping,"Large Hill, Individual, Men",Sedivise
Ski Jumping,"Large Hill, Team, Men",Sedivise
Athletics,"Marathon, Women",Sedivise
Cycling Road,"Road Race, Team, Men",Sedivise
Canoe Slalom,"Kayak Singles, Slalom, Men",Sedivise
Athletics,"800 metres, Women",Sedivise
Cycling Track,"1,000 metres Time Trial, Men",Sedivise
Athletics,"Heptathlon, Women",Sedivise
Swimming,"100 metres Breaststroke, Women",Sedivise
Sailing,"Windsurfer, Men",Sedivise
Freestyle Skiing,"Moguls, Men",Sedivise
Sailing,"5.5 metres, Open",Sedivise
Judo,"Lightweight, Women",Sedivise
Equestrian Dressage,"Individual, Men",Sedivise
Rhythmic Gymnastics,"Individual, Women",Sedivise
Swimming,"200 metres Individual Medley, Men",Sedivise
Sailing,"8 metres, Open",Sedivise
Taekwondo,"Welterweight, Women",Sedivise
Luge,"Team Relay, Mixed",Sedivise
Diving,"Synchronized Springboard, Men",Sedivise
Rowing,"Lightweight Coxless Fours, Men",Sedivise
Rowing,"Lightweight Double Sculls, Women",Sedivise
Softball,"Softball, Women",Sedivise
Swimming,"400 metres Breaststroke, Men",Sedivise
Athletics,"Hammer Throw, Men",Sedivise
Art Competitions,"Architecture, Further Entries, Open",Sedivise
Judo,"Extra-Lightweight, Women",Sedivise
Nordic Combined,"Individual, Men",Sedivise
Athletics,"3,000 metres, Team, Men",Sedivise
Cross Country Skiing,"3 × 5 kilometres Relay, Women",Sedivise
Figure Skating,"Special Figures, Men",Sedivise
Rhythmic Gymnastics,"Group, Women",Sedivise
Swimming,"400 metres Individual Medley, Men",Sedivise
Weightlifting,"Heavyweight, Men",Sedivise
Rowing,"Double Sculls, Women",Sedivise
Sailing,"Two Person Heavyweight Dinghy, Open",Sedivise
Rowing,"Eights, Women",Sedivise
Boxing,"Light-Middleweight, Men",Sedivise
Boxing,"Middleweight, Men",Sedivise
Fencing,"Foil, Team, Women",Sedivise
Shooting,"Running Target, Single Shot, Team, Men",Sedivise
Shooting,"Running Target, Double Shot, Team, Men",Sedivise
Shooting,"Air Rifle, 10 metres, Men",Sedivise
Freestyle Skiing,"Team Aerials, Mixed",Sedivise
Athletics,"Javelin Throw, Men",Sedivise
Swimming,"50 yards Freestyle, Men",Sedivise
Swimming,"100 yards Freestyle, Men",Sedivise
Swimming,"220 yards Freestyle, Men",Sedivise
Swimming,"440 yards Freestyle, Men",Sedivise
Swimming,"880 yards Freestyle, Men",Sedivise
Swimming,"4 × 50 yards Freestyle Relay, Men",Sedivise
Swimming,"100 yards Backstroke, Men",Sedivise
Athletics,"400 metres Hurdles, Women",Sedivise
Art Competitions,"Sculpturing, Unknown Event, Open",Sedivise
Australian Rules Football,"Australian Rules Football, Men",Sedivise
Badminton,"Doubles, Mixed",Sedivise
Speed Skating,"500 metres, Women",Sedivise
Speed Skating,"1,000 metres, Women",Sedivise
Speed Skating,"1,000 metres, Men",Sedivise
Athletics,"1,500 metres, Women",Sedivise
Cross Country Skiing,"15 kilometres, Women",Sedivise
Cross Country Skiing,"5/10 kilometres Pursuit, Women",Sedivise
Shooting,"Double Trap, Men",Sedivise
Athletics,"20 kilometres Race Walk, Women",Sedivise
Sailing,"6 metres, Open",Sedivise
Modern Pentathlon,"Team, Men",Sedivise
Judo,"Lightweight, Men",Sedivise
Athletics,"200 metres, Women",Sedivise
Wrestling,"Super-Heavyweight, Freestyle, Men",Sedivise
Cross Country Skiing,"15 kilometres Skiathlon, Women",Sedivise
Short Track Speed Skating,"5,000 metres Relay, Men",Sedivise
Fencing,"Sabre, Individual, Women",Sedivise
Fencing,"Sabre, Team, Women",Sedivise
Badminton,"Doubles, Men",Sedivise
Swimming,"200 metres Butterfly, Women",Sedivise
Equestrian Eventing,"Individual, Men",Sedivise
Equestrian Eventing,"Team, Men",Sedivise
Winter Pentathlon,"Winter Pentathlon, Men",Sedivise
Wushu,"Changquan, Men",Sedivise
Curling,"Curling, Men",Sedivise
Water Polo,"Water Polo, Women",Sedivise
3x3 Basketball,"3x3 Basketball, Women",Sedivise
Swimming,"200 metres Backstroke, Men",Sedivise
Swimming,"100 metres Backstroke, Men",Sedivise
Swimming,"100 metres Butterfly, Men",Sedivise
Canoe Slalom,"Canadian Singles, Slalom, Men",Sedivise
Table Tennis,"Singles, Women",Sedivise
Trampolining,"Individual, Men",Sedivise
Athletics,"100 yards, Boys",Sedivise
Athletics,"880 yards, Boys",Sedivise
Athletics,"220 yards Hurdles, Boys",Sedivise
Athletics,"4 × 440 yards Relay, Boys",Sedivise
Athletics,"High Jump, Boys",Sedivise
Athletics,"Long Jump, Boys",Sedivise
Athletics,"880 yards, Handicap, Men",Sedivise
Athletics,"2 miles, Handicap, Men",Sedivise
Athletics,"Cross-Country, Individual, Men",Sedivise
Athletics,"Cross-Country, Team, Men",Sedivise
Weightlifting,"Super-Heavyweight, Men",Sedivise
Speed Skating,"5,000 metres, Men",Sedivise
Basque pelota,"Frontenis, Doubles, Men",Sedivise
Shooting,"Free Pistol, 50 metres, Open",Sedivise
Basque pelota,"Cesta Punta, Doubles, Men",Sedivise
Badminton,"Singles, Men",Sedivise
Wrestling,"Middleweight, Greco-Roman, Men",Sedivise
Shooting,"Air Pistol, 10 metres, Men",Sedivise
Cycling Track,"Individual Pursuit, Women",Sedivise
Nordic Combined,"Team, Men",Sedivise
Nordic Combined,"Sprint, Men",Sedivise
Nordic Combined,"Normal Hill / 10 km, Individual, Men",Sedivise
Nordic Combined,"Large Hill / 10 km, Individual, Men",Sedivise
Sailing,"Two Person Dinghy, Open",Sedivise
Basque pelota,"Blé, Triples, Men",Sedivise
Basque pelota,"Pala, Doubles, Men",Sedivise
Cycling Track,"Keirin, Men",Sedivise
Athletics,"Shot Put, Boys",Sedivise
Snowboarding,"Cross, Men",Sedivise
Wrestling,"Flyweight, Greco-Roman, Men",Sedivise
Shooting,"Trap, Team, Men",Sedivise
Judo,"Half-Lightweight, Men",Sedivise
Speed Skating,"5,000 metres, Women",Sedivise
Skateboarding,"Street, Women",Sedivise
Speed Skating,"10,000 metres, Men",Sedivise
Speed Skating,"Allround, Men",Sedivise
Artistic Gymnastics,"Team Portable Apparatus, Women",Sedivise
Wrestling,"Welterweight, Freestyle, Men",Sedivise
Rugby,"Rugby, Men",Sedivise
Skeleton,"Skeleton, Men",Sedivise
Rowing,"Coxed Quadruple Sculls, Women",Sedivise
Diving,"Plain High, Men",Sedivise
Shooting,"Free Rifle, Three Positions, 300 metres, Open",Sedivise
Speed Skating,"Team Pursuit (6 laps), Women",Sedivise
Wrestling,"Bantamweight, Greco-Roman, Men",Sedivise
Sailing,"One Person Dinghy, Men",Sedivise
Athletics,"110 metres Hurdles, Men",Sedivise
Cross Country Skiing,"Sprint, Men",Sedivise
Cross Country Skiing,"10/10 kilometres Pursuit, Men",Sedivise
Canoe Sprint,"Kayak Singles, 1,000 metres, Men",Sedivise
Wrestling,"Featherweight, Freestyle, Men",Sedivise
Rowing,"Coxed Fours, Outriggers, Men",Sedivise
Rowing,"Quadruple Sculls, Women",Sedivise
Taekwondo,"Flyweight, Women",Sedivise
Bobsleigh,"Two, Women",Sedivise
Cross Country Skiing,"10 kilometres, Men",Sedivise
Cross Country Skiing,"10/15 kilometres Pursuit, Men",Sedivise
Archery,"Team, Women",Sedivise
Speed Skating,"Mass Start, Men",Sedivise
Speed Skating,"Team Pursuit (8 laps), Men",Sedivise
Athletics,"Shot Put, Women",Sedivise
Athletics,"80 metres Hurdles, Women",Sedivise
Athletics,"3,000 metres, Women",Sedivise
Ice Hockey,"Ice Hockey Exhibition, Men",Sedivise
Skateboarding,"Park, Men",Sedivise
Waterskiing,"Slalom, Women",Sedivise
Waterskiing,"Tricks, Women",Sedivise
Waterskiing,"Jumping, Women",Sedivise
Equestrian Driving,"Four-In-Hand Competition, Open",Sedivise
Cycling Track,"Tandem Sprint, 2,000 metres, Men",Sedivise
Golf,"Individual, Men",Sedivise
Biathlon,"7.5 kilometres Sprint, Women",Sedivise
Biathlon,"10 kilometres Pursuit, Women",Sedivise
Athletics,"6-hour race, Professionals, Men",Sedivise
Cycling Track,"50 kilometres, Professionals, Men",Sedivise
Cycling Track,"100 kilometres, Professionals, Men",Sedivise
Cycling Track,"100 miles, Professionals, Men",Sedivise
Equestrian Jumping,"Individual, Men",Sedivise
Equestrian Jumping,"Team, Men",Sedivise
Athletics,"10 kilometres Race Walk, Women",Sedivise
Swimming,"1,000 metres Freestyle, Men",Sedivise
Swimming,"4,000 metres Freestyle, Men",Sedivise
Athletics,"3,500 metres Race Walk, Men",Sedivise
Athletics,"10 miles Race Walk, Men",Sedivise
Weightlifting,"Lightweight, Women",Sedivise
Bicycle Polo,"Bicycle Polo, Men",Sedivise
Snowboarding,"Halfpipe, Men",Sedivise
Athletics,"400 metres, Women",Sedivise
Shooting,"Running Target, 50 metres, Open",Sedivise
Motorcycle Sports,"Paris-Toulouse-Paris, Motorcycles, Men",Sedivise
Weightlifting,"Featherweight, Women",Sedivise
Freestyle Skiing,"Aerials, Men",Sedivise
Fencing,"Foil, Individual, Women",Sedivise
Fencing,"Épée, Masters, Individual, Men",Sedivise
Wushu,"Sanshou (≤70 kilograms), Men",Sedivise
Swimming,"200 metres Butterfly, Men",Sedivise
Sailing,"Open, Open",Sedivise
Sailing,"½-1 Ton, Open",Sedivise
Sailing,"3-10 Ton, Open",Sedivise
Cycling Track,"⅓ mile, Professionals, Men",Sedivise
Cycling Track,"½ mile, Professionals, Men",Sedivise
Cycling Track,"⅔ mile, Professionals, Men",Sedivise
Cycling Track,"1 mile, Professionals, Men",Sedivise
Cycling Track,"½ mile, Handicap, Professionals, Men",Sedivise
Cycling Track,"2 miles, Handicap, Professionals, Men",Sedivise
Canoe Sprint,"Kayak Singles, 200 metres, Men",Sedivise
Canoe Slalom,"Canadian Doubles, Slalom, Men",Sedivise
Athletics,"Pentathlon, Women",Sedivise
Sailing,"Two Person Dinghy, Women",Sedivise
Tennis,"Doubles, Mixed",Sedivise
Diving,"Platform, Women",Sedivise
Sailing,"12 metres, Open",Sedivise
Basque pelota,"Pala Corta, Doubles, Men",Sedivise
Basque pelota,"Paleta Cuero, Doubles, Men",Sedivise
Shooting,"Double Trap, Women",Sedivise
Cycling Track,"100 kilometres, Men",Sedivise
Cycling Track,"Team Pursuit, Women",Sedivise
Biathlon,"15 kilometres Mass Start, Men",Sedivise
Sailing,"One Person Heavyweight Dinghy, Men",Sedivise
Art Competitions,"Sculpturing, Statues, Open",Sedivise
Athletics,"5,000 metres, Women",Sedivise
Archery,"Double York Round, Men",Sedivise
Archery,"Continental Style, Men",Sedivise
Archery,"Target Archery, 28 metres, Team, Men",Sedivise
Archery,"Target Archery, 33 metres, Team, Men",Sedivise
Archery,"Target Archery, 50 metres, Team, Men",Sedivise
Art Competitions,"Painting, Open",Sedivise
Cycling Track,"Points Race, Men",Sedivise
Canoe Marathon,"Canadian Doubles, 10,000 metres, Men",Sedivise
Athletics,"20 kilometres Race Walk, Men",Sedivise
Ice Stock Sport,"Target Shooting, Women",Sedivise
Ice Stock Sport,"Team, Women",Sedivise
Weightlifting,"Super-Heavyweight, Women",Sedivise
Shooting,"Air Pistol, 10 metres, Women",Sedivise
Shooting,"Sporting Pistol, 25 metres, Women",Sedivise
Wrestling,"Light-Flyweight, Greco-Roman, Men",Sedivise
Shooting,"Free Rifle, 1,000 yards, Men",Sedivise
Ice Stock Sport,"Team, Men",Sedivise
Weightlifting,"Light-Heavyweight, Women",Sedivise
Boxing,"Light-Flyweight, Men",Sedivise
Canoe Sprint,"Kayak Singles, 200 metres, Women",Sedivise
Alpine Skiing,"Giant Slalom, LW2, Women",Sedivise
Lacrosse,"Lacrosse, Men",Sedivise
Figure Skating,"Singles, Women",Sedivise
Sailing,"Windsurfer, Open",Sedivise
Cycling Track,"Team Sprint, Men",Sedivise
Badminton,"Doubles, Women",Sedivise
Athletics,"100 metres, Professionals, Handicap, Men",Sedivise
Athletics,"400 metres, Professionals, Handicap, Men",Sedivise
Sport Climbing,"Combined, Men",Sedivise
Tennis,"Singles, Handicap, Men",Sedivise
Bowling,"Individual, Men",Sedivise
Short Track Speed Skating,"2,000 metres Relay, Mixed",Sedivise
Canoe Marathon,"Folding Kayak Singles, 10,000 metres, Men",Sedivise
Shooting,"Skeet, Men",Sedivise
Tennis,"Doubles, Handicap, Men",Sedivise
Swimming,"1 mile Freestyle, Men",Sedivise
Swimming,"Plunge For Distance, Men",Sedivise
Athletics,"Standing Long Jump, Men",Sedivise
Swimming,"800 metres Freestyle, Men",Sedivise
Athletics,"Pole Vault, Handicap, Men",Sedivise
Art Competitions,"Architecture, Open",Sedivise
Basque pelota,"Frontenis, Doubles, Women",Sedivise
Fencing,"Épée, Individual, Women",Sedivise
Fencing,"Épée, Team, Women",Sedivise
Diving,"Springboard, Women",Sedivise
Cycling Track,"50 kilometres, Men",Sedivise
Kendo,"Renshu, Open",Sedivise
Cycling Track,"Team Sprint, Women",Sedivise
Cycling Track,"Sprint, Women",Sedivise
Cycling Track,"Keirin, Women",Sedivise
Canoe Marathon,"Kayak Doubles, 10,000 metres, Men",Sedivise
Cross Country Skiing,"5 kilometres, B1, Women",Sedivise
Wrestling,"Middleweight, Freestyle, Men",Sedivise
Artistic Gymnastics,"Team All-Around, Swedish System, Men",Sedivise
Rowing,"Coxed Fours, Inriggers, Men",Sedivise
Shooting,"Air Rifle, 10 metres, Team, Mixed",Sedivise
Snowboarding,"Parallel Giant Slalom, Women",Sedivise
Taekwondo,"Flyweight, Men",Sedivise
Rowing,"Coxless Pairs, Boys",Sedivise
Freestyle Skiing,"Slopestyle, Women",Sedivise
Judo,"Half-Middleweight, Women",Sedivise
Art Competitions,"Painting, Drawings And Water Colors, Open",Sedivise
Cycling Road,"Individual Time Trial, Men",Sedivise
Bobsleigh,"Four/Five, Men",Sedivise
Freestyle Skiing,"Ski Cross, Men",Sedivise
Rowing,"Coxless Pairs, Women",Sedivise
Roque,"Singles, Men",Sedivise
Art Competitions,"Sculpturing, Medals And Reliefs, Open",Sedivise
Art Competitions,"Sculpturing, Medals, Open",Sedivise
Canoe Sprint,"Canadian Singles, 200 metres, Women",Sedivise
Canoe Sprint,"Canadian Doubles, 500 metres, Women",Sedivise
Judo,"Team, Mixed",Sedivise
Snowboarding,"Cross, Women",Sedivise
Alpine Skiing,"Team, Mixed",Sedivise
Athletics,"Pentathlon, Men",Sedivise
Speed Skiing,"Individual, Men",Sedivise
Biathlon,"12.5 kilometres Mass Start, Women",Sedivise
Polo,"Polo, Men",Sedivise
Table Tennis,"Team, Women",Sedivise
Alpinism,"Alpinism, Open",Sedivise
Fencing,"Foil, Masters, Individual, Men",Sedivise
Sailing,"One Person Dinghy, Women",Sedivise
Taekwondo,"Lightweight, Men",Sedivise
Cross Country Skiing,"Team Sprint, Men",Sedivise
Taekwondo,"Welterweight, Men",Sedivise
Freestyle Skiing,"Ballet, Women",Sedivise
Judo,"Heavyweight, Women",Sedivise
Badminton,"Singles, Women",Sedivise
Canoe Sprint,"Kayak Doubles, 200 metres, Men",Sedivise
Weightlifting,"Heavyweight I, Men",Sedivise
Beach Volleyball,"Beach Volleyball, Men",Sedivise
Tennis,"Doubles, Handicap, Mixed",Sedivise
Tennis,"Singles, Handicap, Women",Sedivise
Athletics,"Pole Vault, Women",Sedivise
Diving,"Plain High, Women",Sedivise
Athletics,"4 × 400 metres Relay, Mixed",Sedivise
Canoe Sprint,"Canadian Singles, 1,000 metres, Men",Sedivise
Canoe Sprint,"Canadian Singles, 500 metres, Men",Sedivise
Canoe Sprint,"Canadian Singles, 200 metres, Men",Sedivise
Sailing,"Skiff, Open",Sedivise
Snowboarding,"Slopestyle, Men",Sedivise
Snowboarding,"Big Air, Men",Sedivise
Ski Jumping,"Normal Hill, Individual, Women",Sedivise
Archery,"Double National Round, Women",Sedivise
Diving,"Synchronized Platform, Women",Sedivise
Cross Country Skiing,"20 kilometres, Women",Sedivise
Fishing,"Concours d'honneur, Men",Sedivise
Ice Stock Sport,"Target Shooting, Men",Sedivise
Diving,"Synchronized Springboard, Women",Sedivise
Freestyle Skiing,"Halfpipe, Men",Sedivise
Bandy,"Bandy, Men",Sedivise
Sailing,"10 metres, Open",Sedivise
Wrestling,"Middleweight, Freestyle, Women",Sedivise
Snowboarding,"Slopestyle, Women",Sedivise
Snowboarding,"Big Air, Women",Sedivise
Cycling Track,"Individual Pursuit, 4,000 metres, Men",Sedivise
Basque pelota,"Mano, Doubles, Men",Sedivise
Snowboarding,"Giant Slalom, Women",Sedivise
Wrestling,"Featherweight, Freestyle, Women",Sedivise
Canoe Sprint,"Kayak Singles, 500 metres, Men",Sedivise
Athletics,"440 yards, Boys",Sedivise
Boxing,"Featherweight, Women",Sedivise
Cross Country Skiing,"5/5 kilometres Pursuit, Women",Sedivise
Art Competitions,"Painting, Graphic Arts, Open",Sedivise
Fencing,"Sabre, Masters, Individual, Men",Sedivise
Short Track Speed Skating,"3,000 m, Women",Sedivise
Art Competitions,"Music, Compositions For Orchestra, Open",Sedivise
Sailing,"Skiff, Women",Sedivise
Sailing,"Multihull, Mixed",Sedivise
Swimming,"440 yards, Handicap, Men",Sedivise
Cycling Track,"3,000 metres, Handicap, Professionals, Men",Sedivise
Biathlon,"4 × 7.5 kilometres Relay, Women",Sedivise
Athletics,"1 mile, Boys",Sedivise
Athletics,"1 mile, Men",Sedivise
Gliding,"Gliding, Open",Sedivise
Military Exercise,"Overall, Men",Sedivise
Military Exercise,"Preparatory Military Training, Group D, Men",Sedivise
Military Exercise,"Complementary Military Training, Men",Sedivise
Croquet,"Singles, One Ball, Open",Sedivise
Croquet,"Singles, Two Balls, Open",Sedivise
Cycling BMX Racing,"BMX, Men",Sedivise
Athletics,"800 metres Wheelchair, Women",Sedivise
Waterskiing,"Slalom, Men",Sedivise
Waterskiing,"Tricks, Men",Sedivise
Waterskiing,"Jumping, Men",Sedivise
Art Competitions,"Literature, Open",Sedivise
Skateboarding,"Park, Women",Sedivise
Table Tennis,"Doubles, Women",Sedivise
Biathlon,"3 × 7.5 kilometres Relay, Women",Sedivise
Cycling Track,"½ mile, Men",Sedivise
Cycling Track,"1 mile, Men",Sedivise
Cycling Track,"5 miles, Men",Sedivise
Cycling Track,"25 miles, Men",Sedivise
Cycling Track,"5 miles, Handicap, Men",Sedivise
Wrestling,"Lightweight, Freestyle, Women",Sedivise
Shooting,"Trap, Women",Sedivise
Shooting,"Trap, Team, Mixed",Sedivise
Cross Country Skiing,"5 kilometres, B1, Men",Sedivise
Snowboarding,"Parallel Giant Slalom, Men",Sedivise
Swimming,"220 yards, Handicap, Men",Sedivise
Boules,"Jeu lyonnais, Quartets, Men",Sedivise
Art Competitions,"Music, Instrumental And Chamber, Open",Sedivise
Sailing,"Two Person Keelboat, Men",Sedivise
Rowing,"French Skiffs, Coxless Fours, Men",Sedivise
Snowboarding,"Parallel Slalom, Women",Sedivise
Artistic Gymnastics,"Team All-Around, Free System, Men",Sedivise
Shooting,"Rapid-Fire Pistol, 25 metres, Open",Sedivise
Karate,"Kumite, ≤67 kg, Men",Sedivise
Speed Skating,"Mass Start, Women",Sedivise
Weightlifting,"Middleweight, Women",Sedivise
Athletics,"Discus Throw, Handicap, Men",Sedivise
Cycling Track,"Points Race, Women",Sedivise
Athletics,"200 metres Hurdles, Men",Sedivise
Athletics,"400 metres Hurdles, Handicap, Men",Sedivise
Rowing,"Double Sculls, Intermediate, Men",Sedivise
Rowing,"Eights, Intermediate, Men",Sedivise
Automobile Racing,"Paris-Toulouse-Paris, Cars, Men",Sedivise
Bowling,"Individual, Women",Sedivise
Roller Hockey,"Roller Hockey, Men",Sedivise
Art Competitions,"Architecture, Architectural Designs, Open",Sedivise
Sailing,"10-20 Ton, Open",Sedivise
Taekwondo,"Middleweight, Women",Sedivise
Sailing,"1-2 Ton, Open",Sedivise
Artistic Gymnastics,"26th Federal Festival, Society and Association Contests, Non-Simultaneous, Olympic Championships, Individual, Men",Sedivise
Canoe Slalom,"Kayak Singles, Slalom, Women",Sedivise
Shooting,"Skeet, Women",Sedivise
Wrestling,"Heavyweight, Freestyle, Women",Sedivise
Cycling BMX Racing,"BMX, Women",Sedivise
Shooting,"Free Rifle, Kneeling, 300 metres, Men",Sedivise
Shooting,"Free Rifle, Prone, 300 metres, Men",Sedivise
Shooting,"Free Rifle, Standing, 300 metres, Men",Sedivise
Swimming,"4 × 100 metres Medley Relay, Mixed",Sedivise
Athletics,"Discus Throw, Greek Style, Men",Sedivise
Athletics,"Shot Put, Both Hands, Men",Sedivise
Athletics,"Discus Throw, Both Hands, Men",Sedivise
Athletics,"56-pound Weight Throw, Men",Sedivise
Skateboarding,"Street, Men",Sedivise
Boxing,"Lightweight, Women",Sedivise
Cycling Track,"Sprint, Professionals, Men",Sedivise
Cycling Track,"Tandem Sprint, Professionals, Men",Sedivise
Cycling Track,"Team Sprint, Professionals, Men",Sedivise
Athletics,"2,500 metres Steeplechase, Men",Sedivise
3x3 Basketball,"3x3 Basketball, Men",Sedivise
Ballooning,"Longest distance travelled (#2), Handicap, Open",Sedivise
Ballooning,"Longest distance travelled (#3), Open",Sedivise
Ballooning,"Longest distance travelled (#4), Second Degree, Open",Sedivise
Ballooning,"Longest time travelled (#1), Handicap, Open",Sedivise
Ballooning,"Longest time travelled (#2), Handicap, Open",Sedivise
Ballooning,"Longest time travelled (#3), Open",Sedivise
Ballooning,"Longest time travelled (#4), Second Degree, Open",Sedivise
Ballooning,"Greatest height achieved (#1), Handicap, Open",Sedivise
Ballooning,"Greatest height achieved (#2), Handicap, Open",Sedivise
Ballooning,"Greatest height achieved (#3), Open",Sedivise
Ballooning,"Closest landing to target (#1), Open",Sedivise
Ballooning,"Closest landing to target (#2), Open",Sedivise
Ballooning,"Closest landing to target (#3), Combined, Open",Sedivise
Ballooning,"Closest landing to target (#3), Intermediate stop, Open",Sedivise
Ballooning,"Grand Prix de l'aéronautique, Open",Sedivise
Ballooning,"Ascension report, Combined, Open",Sedivise
Art Competitions,"Music, Open",Sedivise
Triathlon,"Relay, Mixed",Sedivise
Equestrian Dressage,"Team, Men",Sedivise
Motorboating,"Speed, < 6.5 m, Men",Sedivise
Motorboating,"Endurance, 6.5-8 m, Men",Sedivise
Shooting,"Running Target, Single and Double Shot, Men",Sedivise
Cricket,"Cricket, Men",Sedivise
Ice Stock Sport,"Distance Shooting, Men",Sedivise
Equestrian Vaulting,"Individual, Men",Sedivise
Equestrian Vaulting,"Team, Men",Sedivise
Golf,"Individual, Handicap, Men",Sedivise
Jeu De Paume,"Singles, Men",Sedivise
Taekwondo,"Heavyweight, Men",Sedivise
Cycling BMX Freestyle,"Park, Women",Sedivise
Cycling Track,"12-Hours Race, Men",Sedivise
Wushu,"Daoshu & Gunshu, Men",Sedivise
Athletics,"880 yards, Men",Sedivise
Korfball,"Korfball, Mixed",Sedivise
Snowboarding,"Giant Slalom, Men",Sedivise
Freestyle Skiing,"Halfpipe, Women",Sedivise
Canoe Marathon,"Kayak Singles, 10,000 metres, Men",Sedivise
Athletics,"5 miles, Men",Sedivise
Athletics,"3,200 metres Steeplechase, Men",Sedivise
Archery,"Pole Archery, Small Birds, Individual, Men",Sedivise
Archery,"Pole Archery, Large Birds, Individual, Men",Sedivise
Archery,"Pole Archery, Small Birds, Team, Men",Sedivise
Archery,"Pole Archery, Large Birds, Team, Men",Sedivise
Weightlifting,"Flyweight, Women",Sedivise
Athletics,"4 miles, Team, Men",Sedivise
Shooting,"Military Rifle, Prone, 300 metres, Men",Sedivise
Pesäpallo,"Pesäpallo, Men",Sedivise
Shooting,"Military Pistol, 25 metres, Men",Sedivise
Marathon Swimming,"10 kilometres Open Water, Men",Sedivise
Athletics,"220 yards, Handicap, Men",Sedivise
Cycling Track,"Madison, Women",Sedivise
Motorboating,"Endurance, <6.5 m, Men",Sedivise
Wushu,"Nanquan & Nangun, Men",Sedivise
Wushu,"Sanshou (≤52 kilograms), Women",Sedivise
Athletics,"120 yards Hurdles, Men",Sedivise
Athletics,"Long Jump, Handicap, Men",Sedivise
Athletics,"1,500 metres Wheelchair, Men",Sedivise
Longue Paume,"Partie à terrer, Men",Sedivise
Wrestling,"Middleweight A, Greco-Roman, Men",Sedivise
Athletics,"3 miles, Team, Men",Sedivise
Curling,"Mixed Doubles, Mixed",Sedivise
Athletics,"800 metres, Handicap, Men",Sedivise
Basque pelota,"Paleta Goma, Doubles, Men",Sedivise
Military Exercise,"Preparatory Military Training, Group A, Men",Sedivise
Military Exercise,"Free Exercise, Group A, Men",Sedivise
Athletics,"60 metres, Men",Sedivise
Taekwondo,"Finweight, Men",Sedivise
Taekwondo,"Heavyweight, Women",Sedivise
Wrestling,"Flyweight, Freestyle, Women",Sedivise
Taekwondo,"Featherweight, Men",Sedivise
Firefighting,"Maneuvering, International, Volunteer Firefighters, Men",Sedivise
Shooting,"Military Rifle, Standing, 300 metres, Men",Sedivise
Shooting,"Running Target, Double Shot, Men",Sedivise
Archery,"Sur La Perche À La Herse, Men",Sedivise
Archery,"Sur La Perche À La Pyramide, Men",Sedivise
Canoe Sprint,"Kayak Relay, 4 × 500 metres, Men",Sedivise
Art Competitions,"Architecture, Designs For Town Planning, Open",Sedivise
Wushu,"Sanshou (≤56 kilograms), Men",Sedivise
Snowboarding,"Halfpipe, Women",Sedivise
Canoe Marathon,"Folding Kayak Doubles, 10,000 metres, Men",Sedivise
Swimming,"100 yards, Handicap, Men",Sedivise
Swimming,"1 mile, Handicap, Men",Sedivise
Swimming,"300 metres Freestyle, Women",Sedivise
Cycling Track,"10,000 metres, Men",Sedivise
Athletics,"220 yards, Boys",Sedivise
Athletics,"100 yards, Men",Sedivise
Art Competitions,"Music, Compositions For Solo Or Chorus, Open",Sedivise
Boxing,"Middleweight, Women",Sedivise
Canoe Sprint,"Kayak Fours, 500 metres, Men",Sedivise
Boxing,"Flyweight, Women",Sedivise
Cycling Track,"Points Race, Professionals, Men",Sedivise
Shooting,"Running Target, 10 metres, Men",Sedivise
Tennis,"Singles, Covered Courts, Women",Sedivise
Golf,"Team, Men",Sedivise
Archery,"Double American Round, Men",Sedivise
Archery,"Team Round, Men",Sedivise
Athletics,"Javelin Throw, Both Hands, Men",Sedivise
Wushu,"Sanshou (≤85 kilograms), Men",Sedivise
Firefighting,"Maneuvering, International, British Firefighters, Men",Sedivise
Racquets,"Singles, Men",Sedivise
Racquets,"Doubles, Men",Sedivise
Cycling Track,"24-Hours Race, Professionals, Men",Sedivise
Cycling Track,"National Team Sprint, Professionals, Men",Sedivise
Swimming,"200 metres Obstacle Course, Men",Sedivise
Art Competitions,"Sculpturing, Medals And Plaques, Open",Sedivise
Art Competitions,"Sculpturing, Reliefs, Open",Sedivise
Shooting,"Small-Bore Rifle, Prone, 50 and 100 yards, Men",Sedivise
Shooting,"Small-Bore Rifle, Disappearing Target, 25 yards, Men",Sedivise
Shooting,"Small-Bore Rifle, Moving Target, 25 yards, Men",Sedivise
Taekwondo,"Lightweight, Women",Sedivise
Freestyle Skiing,"Slopestyle, Men",Sedivise
Freestyle Skiing,"Big Air, Men",Sedivise
Snowboarding,"Team Cross, Mixed",Sedivise
Ballooning,"Closest landing to target (#3), Final stop, Open",Sedivise
Ballooning,"Closest landing to target (#4), Self-selected target, Open",Sedivise
Canoe Slalom,"Canadian Singles, Slalom, Women",Sedivise
Art Competitions,"Literature, Epic Works, Open",Sedivise
Cycling Track,"1 mile, Motorcycle, Men",Sedivise
Cycling Track,"Omnium, Women",Sedivise
Speed Skiing,"Individual, Women",Sedivise
Golf,"Driving Contest, Men",Sedivise
Athletics,"110 metres Hurdles, Handicap, Men",Sedivise
Artistic Gymnastics,"Festival for Societies of the Seine, Individual (#2), Men",Sedivise
Canoe Marathon,"Canadian Singles, 10,000 metres, Men",Sedivise
Sailing,"7 metres, Open",Sedivise
Sailing,"2-3 Ton, Open",Sedivise
Wrestling,"Light-Heavyweight, Freestyle, Women",Sedivise
Archery,"Double Columbia Round, Women",Sedivise
Archery,"Team Round, Women",Sedivise
Firefighting,"Maneuvering, International, Professional Firefighters, Men",Sedivise
Athletics,"Shot Put, Handicap, Men",Sedivise
Art Competitions,"Literature, Dramatic Works, Open",Sedivise
Cycling Track,"20 kilometres, Men",Sedivise
Snowboarding,"Parallel Slalom, Men",Sedivise
Karate,"Kumite, >61 kg, Women",Sedivise
Athletics,"Javelin Throw, Freestyle, Men",Sedivise
Tennis,"Singles, Professionals, Men",Sedivise
Tennis,"Doubles, Professionals, Handicap, Men",Sedivise
Athletics,"Stone Throw, Men",Sedivise
Athletics,"Baseball Throw, Men",Sedivise
Kendo,"Shiai - Red-White, Open",Sedivise
Wrestling,"Middleweight B, Greco-Roman, Men",Sedivise
Cycling Track,"500 metres Time Trial, Women",Sedivise
Athletics,"Standing Triple Jump, Men",Sedivise
Athletics,"All-Around Championship, Men",Sedivise
Art Competitions,"Literature, Lyric Works, Open",Sedivise
Bobsleigh,"Monobob, Women",Sedivise
Athletics,"120 yards Hurdles, Boys",Sedivise
Athletics,"4,000 metres Steeplechase, Men",Sedivise
Athletics,"1,500 metres, Handicap, Men",Sedivise
Shooting,"Air Pistol, 10 metres, Team, Mixed",Sedivise
Wushu,"Taijiquan & Taijijuan, Men",Sedivise
Wushu,"Sanshou (≤60 kilograms), Women",Sedivise
Military Exercise,"Preparatory Military Training, Group B, Men",Sedivise
Military Exercise,"Free Exercise, Group B, Men",Sedivise
Short Track Speed Skating,"3,000 m, Men",Sedivise
Fencing,"Foil, Individual, Open",Sedivise
Sailing,"12 foot, Open",Sedivise
Swimming,"500 metres Freestyle, Men",Sedivise
Cycling BMX Freestyle,"Park, Men",Sedivise
Cycling Track,"⅓ mile, Men",Sedivise
Cycling Track,"2 miles, Men",Sedivise
Cycling Track,"½ mile, Handicap, Men",Sedivise
Kendo,"Shiai - East-West, Open",Sedivise
Taekwondo,"Finweight, Women",Sedivise
Croquet,"Singles, Two Balls, Handicap, Men",Sedivise
Wushu,"Jianshu & Qiangshu, Men",Sedivise
Rowing,"Eights, Boys",Sedivise
Athletics,"Hammer Throw, Boys",Sedivise
Rowing,"Coxless Fours, Outriggers, Men",Sedivise
Motorboating,"B-Class (Under 60 feet), Open",Sedivise
Motorboating,"C-Class, Open",Sedivise
Athletics,"2 miles, Men",Sedivise
Athletics,"1 mile, Handicap, Men",Sedivise
Athletics,"3,000 metres Race Walk, Men",Sedivise
Sailing,"0-½ Ton, Open",Sedivise
Athletics,"100 yards, Handicap, Men",Sedivise
Shooting,"Running Target, 50 metres, Men",Sedivise
Cycling Track,"25 kilometres, Men",Sedivise
Equestrian Dressage,"Hacks and Hunter Combined, Open",Sedivise
Athletics,"Discus Throw, Boys",Sedivise
Savate,"Savate, Men",Sedivise
Longue Paume,"Partie à enlever, Men",Sedivise
Athletics,"High Jump, Handicap, Men",Sedivise
Dogsled Racing,"Dog Sled Racing, Open",Sedivise
Kaatsen,"Kaatsen, Men",Sedivise
Taekwondo,"Bantamweight, Men",Sedivise
Athletics,"1,600 metres Medley Relay, Men",Sedivise
Artistic Gymnastics,"26th Federal Festival, Society and Association Contests, Non-Simultaneous, National Championships, Men",Sedivise
Surfing,"Shortboard, Women",Sedivise
Boules,"Jeu de berges, Quartets, Men",Sedivise
Wushu,"Taijiquan & Taijijuan, Women",Sedivise
Athletics,"400 metres, Professionals, Men",Sedivise
Athletics,"1,500 metres, Professionals, Men",Sedivise
Athletics,"110 metres Hurdles, Professionals, Men",Sedivise
Athletics,"2,500 metres Steeplechase, Professionals, Men",Sedivise
Rowing,"Coxless Pairs, Intermediate, Men",Sedivise
Basque pelota,"Two-Man Teams With Cesta, Professional, Men",Sedivise
Freestyle Skiing,"Ballet, Men",Sedivise
Swimming,"440 yards Breaststroke, Men",Sedivise
Rowing,"Coxless Fours, Intermediate, Men",Sedivise
Artistic Gymnastics,"Festival for Societies of the Seine, Swimming, Individual, Men",Sedivise
Swimming,"100 metres Freestyle For Sailors, Men",Sedivise
Archery,"Target Archery, 28 metres, Individual, Men",Sedivise
Cycling Track,"Team Pursuit, 1,980 yards, Men",Sedivise
Ballooning,"Best photograph, All events, Open",Sedivise
Surfing,"Shortboard, Men",Sedivise
Rowing,"Single Sculls, Association, Men",Sedivise
Shooting,"Free Pistol, 30 metres, Men",Sedivise
Equestrian Jumping,"Long Jump, Open",Sedivise
Equestrian Jumping,"High Jump, Open",Sedivise
Swimming,"1,200 metres Freestyle, Men",Sedivise
Freestyle Skiing,"Big Air, Women",Sedivise
Athletics,"440 yards, Men",Sedivise
Athletics,"440 yards, Handicap, Men",Sedivise
Alpine Skiing,"Giant Slalom, LW5/7, Men",Sedivise
Wushu,"Nanquan & Nandao, Women",Sedivise
Alpine Skiing,"Giant Slalom, LW2, Men",Sedivise
Cycling Track,"25 kilometres Motor-paced, Professionals, Men",Sedivise
Athletics,"50 yards, Boys",Sedivise
Artistic Gymnastics,"Parallel Bars, Teams, Men",Sedivise
Artistic Gymnastics,"Horizontal Bar, Teams, Men",Sedivise
Cycling Track,"¼ mile, Men",Sedivise
Sport Climbing,"Combined, Women",Sedivise
Cycling Track,"1 mile, Handicap, Men",Sedivise
Artistic Gymnastics,"Club Swinging, Men",Sedivise
Weightlifting,"All-Around Dumbbell Contest, Men",Sedivise
Athletics,"2 miles, Boys",Sedivise
Sailing,"20+ Ton, Open",Sedivise
Taekwondo,"Middleweight, Men",Sedivise
Swimming,"200 metres Team Swimming, Men",Sedivise
Swimming,"1,500 metres Freestyle, Women",Sedivise
Athletics,"Hammer Throw, Handicap, Men",Sedivise
Athletics,"56-pound Weight Throw, Handicap, Men",Sedivise
Karate,"Kata, Women",Sedivise
Artistic Gymnastics,"Festival for Societies of the Seine, Individual, Men",Sedivise
Motorboating,"Speed, 10-15 m, Men",Sedivise
Shooting,"Military Rifle, Kneeling Or Standing, 300 metres, Men",Sedivise
Athletics,"120 yards Hurdles, Handicap, Men",Sedivise
Swimming,"Underwater Swimming, Men",Sedivise
Motorboating,"Speed, 8-10 m, Men",Sedivise
Motorboating,"Enduance, 8-10 m, Men",Sedivise
Weightlifting,"Unlimited, One Hand, Men",Sedivise
Glíma,"Glíma, Men",Sedivise
Archery,"Flight Shooting, Men",Sedivise
Athletics,"2,500 metres Steeplechase, Handicap, Men",Sedivise
Wrestling,"Unlimited Class, Greco-Roman, Men",Sedivise
Athletics,"400 metres, Handicap, Men",Sedivise
Alpine Skiing,"Giant Slalom, LW4, Men",Sedivise
Karate,"Kumite, ≤75 kg, Men",Sedivise
Karate,"Kata, Men",Sedivise
Wushu,"Changquan, Women",Sedivise
Artistic Gymnastics,"Festival for Societies of the Seine, Olympic Competition, Individual, Men",Sedivise
Athletics,"5,000 metres, Professionals, Men",Sedivise
Golf,"Individual, Professional, Men",Sedivise
Shooting,"Small-Bore Rifle, 50 and 100 yards, Team, Men",Sedivise
Athletics,"5 miles, Boys",Sedivise
Karate,"Kumite, ≤61 kg, Women",Sedivise
Athletics,"100 metres, Handicap, Men",Sedivise
Taekwondo,"Bantamweight, Women",Sedivise
Sailing,"6.5 metres, Open",Sedivise
Ski Jumping,"Normal Hill, Team, Mixed",Sedivise
Wushu,"Jianshu & Qiangshu, Women",Sedivise
Sailing,"40 metres², Open",Sedivise
Automobile Racing,"Paris-Toulouse-Paris, Voiturettes, Men",Sedivise
Athletics,"Long Jump, Professionals, Men",Sedivise
Skijoring,"Ski Joring, Men",Sedivise
Archery,"Crossbows, Small Arrows - 20 metres, Individual, Men",Sedivise
Archery,"Crossbows, French Championship, Men",Sedivise
Kendo,"Embusen, Open",Sedivise
Shooting,"Military Pistol, 30 metres, Men",Sedivise
Military Exercise,"Preparatory Military Training, Group C, Men",Sedivise
Military Exercise,"Free Exercise, Group C, Men",Sedivise
Rowing,"Single Pleasure Boat, Men",Sedivise
Lifesaving,"Rapid Removal of a Manikin from Middle Distance, Men",Sedivise
Lifesaving,"Rapid Removal of a Manikin from Long Distance, Men",Sedivise
Alpine Skiing,"Giant Slalom, LW6/8, Men",Sedivise
Athletics,"56-pound Weight Throw, Boys",Sedivise
Cycling Track,"1 mile, Handicap, Professionals, Men",Sedivise
Artistic Gymnastics,"Tumbling, Men",Sedivise
Athletics,"220 yards Hurdles, Handicap, Men",Sedivise
Sailing,"30 metres², Open",Sedivise
Basque pelota,"Mano, Singles, Men",Sedivise
Ballooning,"Kites (medium), Open",Sedivise
Ballooning,"Kites (small), Open",Sedivise
Swimming,"880 yards, Handicap, Men",Sedivise
Ballooning,"Longest distance travelled (#1), Handicap, Open",Sedivise
Lifesaving,"Sculling, Amateurs, Men",Sedivise
Canoe Sprint,"Kayak Fours, 800 metres, Men",Sedivise
Canoe Sprint,"Canadian Doubles, 800 metres, Men",Sedivise
Canoe Sprint,"Canadian Fours, 800 metres, Men",Sedivise
Archery,"Au Chapelet, 33 metres, Men",Sedivise
Archery,"Au Chapelet, 50 metres, Men",Sedivise
Archery,"Au Cordon Doré, 33 metres, Men",Sedivise
Archery,"Au Cordon Doré, 50 metres, Men",Sedivise
Archery,"Championnat Du Monde, Men",Sedivise
Archery,"Target Archery, 33 metres, Individual, Men",Sedivise
Archery,"Target Archery, 50 metres, Individual, Men",Sedivise
Rowing,"Single Sculls, Intermediate, Men",Sedivise
Artistic Gymnastics,"26th Federal Festival, Society and Association Contests, Non-Simultaneous, Shooting Championships, Honorary Members and Associates, Women",Sedivise
Athletics,"Pole Vault, Boys",Sedivise
Boxing,"Welterweight, Women",Sedivise
Archery,"French Championship, Individual, Men",Sedivise
Athletics,"100 metres, Professionals, Men",Sedivise
Cycling Track,"333⅓ metres Time Trial, Men",Sedivise
Athletics,"5,000 metres, Team, Men",Sedivise
Ballooning,"Balloon inflation, Open",Sedivise
Ballooning,"Ascension report, Single ascent, Open",Sedivise
Athletics,"220 yards Hurdles, Men",Sedivise
Fencing,"Épée, Masters and Amateurs, Individual, Men",Sedivise
Athletics,"Ball Throw for Accuracy, Men",Sedivise
Golf,"Putting Contest, Men",Sedivise
Cycling Track,"Australian Team Pursuit, Professionals, Men",Sedivise
Athletics,"1,500 metres, Professionals, Handicap, Men",Sedivise
Cycling Track,"1 mile, Novice, Men",Sedivise
Art Competitions,"Unknown Event, Open",Sedivise
Athletics,"2,590 metres Steeplechase, Men",Sedivise
Basque pelota,"Cesta Punta, Triples, Men",Sedivise
Athletics,"220 yards, Men",Sedivise
Motorboating,"A-Class (Open), Open",Sedivise
Tennis,"Singles, Boys",Sedivise
Fencing,"Single Sticks, Individual, Men",Sedivise
Canoe Sprint,"Kayak Singles, 800 metres, Men",Sedivise
Canoe Sprint,"Kayak Doubles, 800 metres, Men",Sedivise
Athletics,"60 yards, Handicap, Men",Sedivise
Shooting,"Muzzle-Loading Pistol, 25 metres, Men",Sedivise
Shooting,"Unknown Event, Men",Sedivise
Artistic Gymnastics,"Festival for Societies of the Seine, Artistic, Individual, Men",Sedivise
Basque pelota,"Mano, Triples, Men",Sedivise
Archery,"Flight Shooting, Women",Sedivise
Athletics,"High Jump, Professionals, Handicap, Men",Sedivise
Athletics,"Long Jump, Professionals, Handicap, Men",Sedivise
Artistic Gymnastics,"26th Federal Festival, Society and Association Contests, Non-Simultaneous, Shooting Championships, Honorary Members and Associates, Men",Sedivise
Canne De Combat,"Canne de combat, Men",Sedivise
Wushu,"Daoshu & Gunshu, Women",Sedivise
Lifesaving,"Retrieval by Hook, Men",Sedivise
Artistic Gymnastics,"Festival for Societies of the Seine, Instructors, Men",Sedivise
Fencing,"Foil, Individual, Boys",Sedivise
Athletics,"High Jump, Professionals, Men",Sedivise
Athletics,"Shot Put, Professionals, Men",Sedivise
Athletics,"Shot Put, Professionals, Handicap, Men",Sedivise
Ballooning,"Kites (large), Open",Sedivise
Athletics,"Special Scratch Pole Vault #2, Men",Sedivise
Artistic Gymnastics,"Festival for Societies of the Seine, Advanced, Men",Sedivise
Art Competitions,"Music, Unknown Event, Open",Sedivise
Basque pelota,"Two-Man Teams With Cesta, Men",Sedivise
Ballooning,"Best photograph, 9 September event, Open",Sedivise
Lifesaving,"300 metres with Current Rise of 50 metres with Manikin, Men",Sedivise
Lifesaving,"200 metres in Swim Outfit with Current Rise of 50 metres with Manikin, Men",Sedivise
Artistic Gymnastics,"Festival for Societies of the Seine, Swimming, students, individuals, societies, Men",Sedivise
Archery,"Crossbows, Arrows - 28 metres, Individual, Men",Sedivise
Motorboating,"Endurance 10-15 m, Men",Sedivise
Aeronautics,"Aeronautics, Open",Sedivise
Archery,"Crossbows, Large Arrows - 35 metres, Individual, Men",Sedivise
Athletics,"Special Scratch Pole Vault #1, Men",Sedivise
Croquet,"Doubles, Open",Sedivise
Athletics,"1 mile, Team, Handicap, Men",Sedivise
Canoe Sprint,"Canadian Singles, 800 metres, Men",Sedivise
Sailing,"18 foot, Open",Sedivise
Rowing,"Lightweight Coxless Pairs, Mixed",Sedivise
Motorboating,"Speed, 6.5-8 m, Men",Sedivise
