sport,label
Athletics,sport
Beach Volleyball,sport
Artistic Gymnastics,sport
Swimming,sport
Diving,sport
Skeleton,sport
Figure Skating,sport
Water Polo,sport
Fencing,sport
Weightlifting,sport
Cross Country Skiing,sport
Cycling Mountain Bike,sport
Short Track Speed Skating,sport
Rowing,sport
Ice Hockey,sport
Tennis,sport
Shooting,sport
Football,sport
Volleyball,sport
Sailing,sport
Taekwondo,sport
Alpine Skiing,sport
Boxing,sport
Wrestling,sport
Table Tennis,sport
Cycling Track,sport
Bobsleigh,sport
Art Competitions,sport
Basketball,sport
Military Ski Patrol,sport
Luge,sport
Hockey,sport
Equestrian Jumping,sport
Equestrian Eventing,sport
Judo,sport
Modern Pentathlon,sport
Handball,sport
Archery,sport
Canoe Sprint,sport
Biathlon,sport
Triathlon,sport
Tug-Of-War,sport
Artistic Swimming,sport
Freestyle Skiing,sport
Trampolining,sport
American Football,sport
Baseball,sport
Marathon Swimming,sport
Karate,sport
Rugby Sevens,sport
Cycling Road,sport
Golf,sport
Speed Skating,sport
Equestrian Dressage,sport
Curling,sport
Ski Jumping,sport
Canoe Slalom,sport
Rhythmic Gymnastics,sport
Softball,sport
Nordic Combined,sport
Australian Rules Football,sport
Badminton,sport
Winter Pentathlon,sport
Wushu,sport
3x3 Basketball,sport
Basque pelota,sport
Snowboarding,sport
Skateboarding,sport
Rugby,sport
Waterskiing,sport
Equestrian Driving,sport
Bicycle Polo,sport
Motorcycle Sports,sport
Canoe Marathon,sport
Ice Stock Sport,sport
Lacrosse,sport
Sport Climbing,sport
Bowling,sport
Kendo,sport
Roque,sport
Speed Skiing,sport
Polo,sport
Alpinism,sport
Fishing,sport
Bandy,sport
Gliding,sport
Military Exercise,sport
Croquet,sport
Cycling BMX Racing,sport
Boules,sport
Automobile Racing,sport
Roller Hockey,sport
Ballooning,sport
Motorboating,sport
Cricket,sport
Equestrian Vaulting,sport
Jeu De Paume,sport
Cycling BMX Freestyle,sport
Korfball,sport
Pesäpallo,sport
Longue Paume,sport
Firefighting,sport
Racquets,sport
Savate,sport
Dogsled Racing,sport
Kaatsen,sport
Surfing,sport
Glíma,sport
Skijoring,sport
Lifesaving,sport
Canne De Combat,sport
Aeronautics,sport
